file_path,file_name,file_extension,status,error,file_size_mb,created_time,modified_time,Species,activity,filename_tokens,row_count,column_count,column_names,column_types,sheet_count,sheet_names,has_timestamp,min_date,max_date
D:\NEOM_PROJECT\Marine_New_Data\Birds and Turtles Surveys AECOM\305. Raw Data\04_NEOM_FinalData_GDB_20211209\Excel\._Osprey_SootyFalcon_Observations.xls,._Osprey_SootyFalcon_Observations.xls,.xls,failed,"Excel file format cannot be determined, you must specify an engine manually.",0.004,2025-12-15 14:21:24.142081,2025-10-21 15:22:14,Turtles,Survey,"., Osprey, SootyFalcon, Observations",,,,,,,False,,
D:\NEOM_PROJECT\Marine_New_Data\Birds and Turtles Surveys AECOM\305. Raw Data\04_NEOM_FinalData_GDB_20211209\Excel\._Other_Observations.xls,._Other_Observations.xls,.xls,failed,"Excel file format cannot be determined, you must specify an engine manually.",0.004,2025-12-15 14:21:24.107176,2025-10-21 15:22:14,Turtles,Survey,"., Other, Observations",,,,,,,False,,
D:\NEOM_PROJECT\Marine_New_Data\Birds and Turtles Surveys AECOM\305. Raw Data\04_NEOM_FinalData_GDB_20211209\Excel\._Raptor_Satelite_Tagging.xls,._Raptor_Satelite_Tagging.xls,.xls,failed,"Excel file format cannot be determined, you must specify an engine manually.",0.004,2025-12-15 14:21:24.120642,2025-10-21 15:22:14,Turtles,Survey,"., Raptor, Satelite, Tagging",,,,,,,False,,
D:\NEOM_PROJECT\Marine_New_Data\Birds and Turtles Surveys AECOM\305. Raw Data\04_NEOM_FinalData_GDB_20211209\Excel\._Sea_Shore_Bird_Observations.xls,._Sea_Shore_Bird_Observations.xls,.xls,failed,"Excel file format cannot be determined, you must specify an engine manually.",0.004,2025-12-15 14:21:24.173861,2025-10-21 15:22:14,Turtles,Survey,"., Sea, Shore, Bird, Observations",,,,,,,False,,
D:\NEOM_PROJECT\Marine_New_Data\Birds and Turtles Surveys AECOM\305. Raw Data\04_NEOM_FinalData_GDB_20211209\Excel\._Tagged_Bird_Movements.xls,._Tagged_Bird_Movements.xls,.xls,failed,"Excel file format cannot be determined, you must specify an engine manually.",0.004,2025-12-15 14:21:24.084879,2025-10-21 15:22:14,Turtles,Survey,"., Tagged, Bird, Movements",,,,,,,False,,
D:\NEOM_PROJECT\Marine_New_Data\Birds and Turtles Surveys AECOM\305. Raw Data\04_NEOM_FinalData_GDB_20211209\Excel\._Turtle_Observations.xls,._Turtle_Observations.xls,.xls,failed,"Excel file format cannot be determined, you must specify an engine manually.",0.004,2025-12-15 14:21:24.157938,2025-10-21 15:22:14,Turtles,Survey,"., Turtle, Observations",,,,,,,False,,
D:\NEOM_PROJECT\Marine_New_Data\Birds and Turtles Surveys AECOM\305. Raw Data\04_NEOM_FinalData_GDB_20211209\Excel\Osprey_SootyFalcon_Observations.xls,Osprey_SootyFalcon_Observations.xls,.xls,success,,0.079,2025-12-15 14:21:24.127601,2025-10-16 14:40:00,Turtles,Survey,"Osprey, SootyFalcon, Observations",,16.0,"OBJECTID_1, Species, TrackUnit, Name, Sex, NestStatus, Category, Comments, Number, Behaviour, SuitableCliff, TimeRel, IslandMain, IslandName, FINAL_X, FINAL_Y","OBJECTID_1:int64, Species:object, TrackUnit:object, Name:object, Sex:object, NestStatus:object, Category:object, Comments:object, Number:int64, Behaviour:object, SuitableCliff:object, TimeRel:object, IslandMain:object, IslandName:object, FINAL_X:float64, FINAL_Y:float64",1.0,Osprey_SootyFalcon_Observations,False,,
D:\NEOM_PROJECT\Marine_New_Data\Birds and Turtles Surveys AECOM\305. Raw Data\04_NEOM_FinalData_GDB_20211209\Excel\Other_Observations.xls,Other_Observations.xls,.xls,success,,0.039,2025-12-15 14:21:24.097775,2025-10-16 14:40:00,Turtles,Survey,"Other, Observations",,9.0,"OBJECTID, Observation, Comments, created_date, user, IslandMain, IslandName, FINAL_X, FINAL_Y","OBJECTID:int64, Observation:object, Comments:object, created_date:datetime64[ns], user:object, IslandMain:object, IslandName:object, FINAL_X:float64, FINAL_Y:float64",1.0,Other_Observations,False,,
D:\NEOM_PROJECT\Marine_New_Data\Birds and Turtles Surveys AECOM\305. Raw Data\04_NEOM_FinalData_GDB_20211209\Excel\Raptor_Satelite_Tagging.xls,Raptor_Satelite_Tagging.xls,.xls,success,,0.035,2025-12-15 14:21:24.114262,2025-10-16 14:40:00,Turtles,Survey,"Raptor, Satelite, Tagging",,17.0,"OBJECTID_1, Species, Comments, NestPresent, Number, TrackUnit, Name, Sex, IndividualObs, TimeRel, TimeCapt, EditDate, Editor, IslandMain, IslandName, FINAL_X, FINAL_Y","OBJECTID_1:int64, Species:object, Comments:object, NestPresent:object, Number:int64, TrackUnit:int64, Name:object, Sex:object, IndividualObs:object, TimeRel:datetime64[ns], TimeCapt:datetime64[ns], EditDate:datetime64[ns], Editor:object, IslandMain:object, IslandName:object, FINAL_X:float64, FINAL_Y:float64",1.0,Raptor_Satelite_Tagging,False,,
D:\NEOM_PROJECT\Marine_New_Data\Birds and Turtles Surveys AECOM\305. Raw Data\04_NEOM_FinalData_GDB_20211209\Excel\Sea_Shore_Bird_Observations.xls,Sea_Shore_Bird_Observations.xls,.xls,success,,0.062,2025-12-15 14:21:24.167808,2025-10-16 14:40:00,Turtles,Survey,"Sea, Shore, Bird, Observations",,16.0,"OBJECTID, CommonName, ScientificName, Number, Category, Nest, Behaviour, Notes, CreationDate, Creator, EditDate, Editor, IslandMain, IslandName, FINAL_X, FINAL_Y","OBJECTID:int64, CommonName:object, ScientificName:object, Number:int64, Category:object, Nest:object, Behaviour:object, Notes:object, CreationDate:datetime64[ns], Creator:object, EditDate:datetime64[ns], Editor:object, IslandMain:object, IslandName:object, FINAL_X:float64, FINAL_Y:float64",1.0,Sea_Shore_Bird_Observations,False,,
D:\NEOM_PROJECT\Marine_New_Data\Birds and Turtles Surveys AECOM\305. Raw Data\04_NEOM_FinalData_GDB_20211209\Excel\Tagged_Bird_Movements.xls,Tagged_Bird_Movements.xls,.xls,success,,0.031,2025-12-15 14:21:24.061592,2025-10-16 14:40:00,Turtles,Survey,"Tagged, Bird, Movements",,5.0,"OBJECTID, PlatformPath, PlatformNum, Bird, Shape_Length","OBJECTID:int64, PlatformPath:object, PlatformNum:int64, Bird:object, Shape_Length:float64",1.0,Tagged_Bird_Movements,False,,
D:\NEOM_PROJECT\Marine_New_Data\Birds and Turtles Surveys AECOM\305. Raw Data\04_NEOM_FinalData_GDB_20211209\Excel\Turtle_Observations.xls,Turtle_Observations.xls,.xls,success,,0.086,2025-12-15 14:21:24.146912,2025-10-16 14:40:00,Turtles,Survey,"Turtle, Observations",,27.0,"OBJECTID, IslandMain, IslandName, FINAL_X, FINAL_Y, UnderwaterHabitatAssessment, ForagingPriority, Foraging_Turtles, Turtle_Species, Category, Nesting_Species, Quantity, Quantity_Grouping, Beach_Priority, Tracks, Body_pits_, TurtleSightedInWater, TurtleSize, BeachName, UnderwaterHabitatAssessment_2, Comments, SandType, ForeshoreZoneHabitat, ForeduneHabitat, Backdune, VegDescription, Slope","OBJECTID:int64, IslandMain:object, IslandName:object, FINAL_X:float64, FINAL_Y:float64, UnderwaterHabitatAssessment:object, ForagingPriority:object, Foraging_Turtles:float64, Turtle_Species:object, Category:object, Nesting_Species:object, Quantity:float64, Quantity_Grouping:float64, Beach_Priority:object, Tracks:object, Body_pits_:object, TurtleSightedInWater:object, TurtleSize:object, BeachName:object, UnderwaterHabitatAssessment_2:object, Comments:object, SandType:object, ForeshoreZoneHabitat:object, ForeduneHabitat:object, Backdune:object, VegDescription:object, Slope:object",1.0,Turtle_Observations,False,,
D:\NEOM_PROJECT\Marine_New_Data\Cetacean Surveys\305. Raw Data\NEOM Cetacean Survey Results Shape FIles and Data\._NEOM_Effort and Sightings_Moth.xlsx,._NEOM_Effort and Sightings_Moth.xlsx,.xlsx,failed,"Excel file format cannot be determined, you must specify an engine manually.",0.004,2025-12-15 14:21:00.100533,2025-10-21 15:14:16,,Survey,"., NEOM, Effort and Sightings, Moth",,,,,,,False,,
"D:\NEOM_PROJECT\Marine_New_Data\Cetacean Surveys\305. Raw Data\NEOM Cetacean Survey Results Shape FIles and Data\._Strata, transects and waypoints.xlsx","._Strata, transects and waypoints.xlsx",.xlsx,failed,"Excel file format cannot be determined, you must specify an engine manually.",0.004,2025-12-15 14:20:59.868673,2025-10-21 15:14:16,,Survey,"., Strata, transects and waypoints",,,,,,,False,,
D:\NEOM_PROJECT\Marine_New_Data\Cetacean Surveys\305. Raw Data\NEOM Cetacean Survey Results Shape FIles and Data\NEOM_Effort and Sightings_Moth.xlsx,NEOM_Effort and Sightings_Moth.xlsx,.xlsx,success,,0.299,2025-12-15 14:21:00.092269,2022-03-28 11:14:40,,Survey,"NEOM, Effort and Sightings, Moth",,15.0,"ID, Date, EventCode, Latitude, Longitude, Time, Vessel Course, Vessel Speed, Beaufort, Visibility, Swell Height(m), Chop Height, Glare, Left Observer, Right Observer","ID:int64, Date:object, EventCode:object, Latitude:float64, Longitude:float64, Time:object, Vessel Course:object, Vessel Speed:float64, Beaufort:float64, Visibility:float64, Swell Height(m):float64, Chop Height:float64, Glare:object, Left Observer:object, Right Observer:object",8.0,"Effort, Transects, Sightings, Other wildlife, Acoustics, ODK_Events_Raw, Sheet1, DS Data (I will create this)",False,,
"D:\NEOM_PROJECT\Marine_New_Data\Cetacean Surveys\305. Raw Data\NEOM Cetacean Survey Results Shape FIles and Data\Strata, transects and waypoints.xlsx","Strata, transects and waypoints.xlsx",.xlsx,success,,0.033,2025-12-15 14:20:59.856077,2022-03-28 11:14:42,,Survey,"Strata, transects and waypoints",,14.0,"Stratum, Transect, Length_km, Total, Unnamed: 4, Unnamed: 5, Unnamed: 6, Unnamed: 7, Unnamed: 8, Unnamed: 9, Unnamed: 10, Unnamed: 11, Unnamed: 12, Unnamed: 13","Stratum:float64, Transect:float64, Length_km:float64, Total:float64, Unnamed: 4:float64, Unnamed: 5:float64, Unnamed: 6:float64, Unnamed: 7:object, Unnamed: 8:object, Unnamed: 9:object, Unnamed: 10:float64, Unnamed: 11:object, Unnamed: 12:object, Unnamed: 13:object",2.0,"Transects, Strata, transects and waypoints",False,,
D:\NEOM_PROJECT\Marine_New_Data\Complete dataset for birds and megafauna\2025-05-11_All Marine Megafauna & Avifauna Geodatabase KMZ\FINAL\Shape\._Attribute_Field_Details.xlsx,._Attribute_Field_Details.xlsx,.xlsx,failed,"Excel file format cannot be determined, you must specify an engine manually.",0.004,2025-12-15 14:20:43.705920,2025-10-21 15:13:58,Bird,,"., Attribute, Field, Details",,,,,,,False,,
D:\NEOM_PROJECT\Marine_New_Data\Complete dataset for birds and megafauna\2025-05-11_All Marine Megafauna & Avifauna Geodatabase KMZ\FINAL\Shape\Attribute_Field_Details.xlsx,Attribute_Field_Details.xlsx,.xlsx,success,,0.028,2025-12-15 14:20:43.697576,2025-10-16 14:43:00,Bird,,"Attribute, Field, Details",,3.0,"Unnamed: 0, Unnamed: 1, Unnamed: 2","Unnamed: 0:float64, Unnamed: 1:object, Unnamed: 2:object",3.0,"Turtle, Megafauna, Bird",False,,
D:\NEOM_PROJECT\Marine_New_Data\Keystone Bird Artificial nest (Sooty falcon & Osprey)\OneDrive_1_5-11-2025 (1)\01 Reports\01_Survey Report\Excel Database\._SF Survey_5-12Aug_27082023.xlsx,._SF Survey_5-12Aug_27082023.xlsx,.xlsx,failed,"Excel file format cannot be determined, you must specify an engine manually.",0.004,2025-12-15 14:21:03.233054,2025-10-21 15:14:26,Bird,Survey,"., SF Survey, 5, 12Aug, 27082023",,,,,,,False,,
D:\NEOM_PROJECT\Marine_New_Data\Keystone Bird Artificial nest (Sooty falcon & Osprey)\OneDrive_1_5-11-2025 (1)\01 Reports\01_Survey Report\Excel Database\SF Survey_5-12Aug_27082023.xlsx,SF Survey_5-12Aug_27082023.xlsx,.xlsx,success,,0.088,2025-12-15 14:21:03.217118,2025-10-16 14:49:00,Bird,Survey,"SF Survey, 5, 12Aug, 27082023",,35.0,"ObjectID, GlobalID, Project_Reference, BDC_Project_Code, Bdc_report_name, Latitude, Longitude, GPS Horizontal Accuracy, Surveyor_Name, GPS reference number, Survey Date, Year, Season, Survey Start Time, Island_name, Specify Other Location, Island_no, GPS_Waypoint, Development Stage, ABBA Sq. reference number, AB Group Number, Observations, Other observation, Tide, Survey End Time, Field Notes, Mobile Camera Photograph Count, Mobile Camera Photograph File Name, Field Camera External Photo Number, CreationDate, Creator, EditDate, Editor, x, y","ObjectID:int64, GlobalID:object, Project_Reference:float64, BDC_Project_Code:float64, Bdc_report_name:float64, Latitude:float64, Longitude:float64, GPS Horizontal Accuracy:float64, Surveyor_Name:object, GPS reference number:object, Survey Date:datetime64[ns], Year:int64, Season:object, Survey Start Time:object, Island_name:object, Specify Other Location:float64, Island_no:float64, GPS_Waypoint:object, Development Stage:float64, ABBA Sq. reference number:float64, AB Group Number:float64, Observations:object, Other observation:float64, Tide:object, Survey End Time:object, Field Notes:object, Mobile Camera Photograph Count:int64, Mobile Camera Photograph File Name:object, Field Camera External Photo Number:float64, CreationDate:datetime64[ns], Creator:object, EditDate:datetime64[ns], Editor:object, x:float64, y:float64",2.0,"BDC_Breeding_Bird_Survey_V1_0, Species__1",False,,
D:\NEOM_PROJECT\Marine_New_Data\Keystone Bird Artificial nest (Sooty falcon & Osprey)\OneDrive_1_5-11-2025 (1)\04 GIS data\01_Survey Report_2023-10-03\._KBD_Data_Dictionary_Rev01.xlsx,._KBD_Data_Dictionary_Rev01.xlsx,.xlsx,failed,"Excel file format cannot be determined, you must specify an engine manually.",0.004,2025-12-15 14:21:03.914498,2025-10-21 15:14:36,Bird,Survey,"., KBD, Data, Dictionary, Rev01",,,,,,,False,,
D:\NEOM_PROJECT\Marine_New_Data\Keystone Bird Artificial nest (Sooty falcon & Osprey)\OneDrive_1_5-11-2025 (1)\04 GIS data\01_Survey Report_2023-10-03\KBD_Data_Dictionary_Rev01.xlsx,KBD_Data_Dictionary_Rev01.xlsx,.xlsx,success,,0.027,2025-12-15 14:21:03.914498,2025-10-16 14:49:00,Bird,Survey,"KBD, Data, Dictionary, Rev01",,20.0,"SL.NO, PROJECT CODE, REPORT REFERENCE, FIGURE NUMBER, FIGURE DESCRIPTION, GIS LAYER NAME AS IN DATABASE, GIS LAYER SOURCE, IS THE DATABASE IN NEOM SCHEMA, NEOM SCHEMA VERSION, NEOM SCHEMA NAME, SURVEY PERIOD/PRODUCTION DATE, GIS SUBMISSION STATUS, SUBMISSION DATE, GDB_NAME/FOLDER NAME, PATH, SUMMARY/REMARKS, Submission_Category, Followup page by Abhishek, KBD_Internal_Folder_Path, Submitted To","SL.NO:int64, PROJECT CODE:object, REPORT REFERENCE:object, FIGURE NUMBER:object, FIGURE DESCRIPTION:object, GIS LAYER NAME AS IN DATABASE:object, GIS LAYER SOURCE:object, IS THE DATABASE IN NEOM SCHEMA:object, NEOM SCHEMA VERSION:object, NEOM SCHEMA NAME:object, SURVEY PERIOD/PRODUCTION DATE:object, GIS SUBMISSION STATUS:object, SUBMISSION DATE:datetime64[ns], GDB_NAME/FOLDER NAME:object, PATH:object, SUMMARY/REMARKS:object, Submission_Category:object, Followup page by Abhishek:float64, KBD_Internal_Folder_Path:object, Submitted To:object",1.0,Log,False,,
D:\NEOM_PROJECT\Marine_New_Data\Keystone Bird Artificial nest (Sooty falcon & Osprey)\OneDrive_1_5-11-2025 (1)\04 GIS data\01_Survey Report_2023-10-03\Avifauna_Artificial_Nest_IR_Rev01\._KBD_Data_Dictionary_Rev01.xlsx,._KBD_Data_Dictionary_Rev01.xlsx,.xlsx,failed,"Excel file format cannot be determined, you must specify an engine manually.",0.004,2025-12-15 14:21:03.963237,2025-10-21 15:14:26,Bird,Survey,"., KBD, Data, Dictionary, Rev01",,,,,,,False,,
D:\NEOM_PROJECT\Marine_New_Data\Keystone Bird Artificial nest (Sooty falcon & Osprey)\OneDrive_1_5-11-2025 (1)\04 GIS data\01_Survey Report_2023-10-03\Avifauna_Artificial_Nest_IR_Rev01\KBD_Data_Dictionary_Rev01.xlsx,KBD_Data_Dictionary_Rev01.xlsx,.xlsx,success,,0.015,2025-12-15 14:21:03.945931,2023-10-09 21:09:20,Bird,Survey,"KBD, Data, Dictionary, Rev01",,20.0,"SL.NO, PROJECT CODE, REPORT REFERENCE, FIGURE NUMBER, FIGURE DESCRIPTION, GIS LAYER NAME AS IN DATABASE, GIS LAYER SOURCE, IS THE DATABASE IN NEOM SCHEMA, NEOM SCHEMA VERSION, NEOM SCHEMA NAME, SURVEY PERIOD/PRODUCTION DATE, GIS SUBMISSION STATUS, SUBMISSION DATE, GDB_NAME/FOLDER NAME, PATH, SUMMARY/REMARKS, Submission_Category, Followup page by Abhishek, KBD_Internal_Folder_Path, Submitted To","SL.NO:int64, PROJECT CODE:object, REPORT REFERENCE:object, FIGURE NUMBER:object, FIGURE DESCRIPTION:object, GIS LAYER NAME AS IN DATABASE:object, GIS LAYER SOURCE:object, IS THE DATABASE IN NEOM SCHEMA:object, NEOM SCHEMA VERSION:object, NEOM SCHEMA NAME:object, SURVEY PERIOD/PRODUCTION DATE:object, GIS SUBMISSION STATUS:object, SUBMISSION DATE:datetime64[ns], GDB_NAME/FOLDER NAME:object, PATH:object, SUMMARY/REMARKS:object, Submission_Category:object, Followup page by Abhishek:float64, KBD_Internal_Folder_Path:object, Submitted To:object",1.0,Log,False,,
D:\NEOM_PROJECT\Marine_New_Data\Marine Megafauna Aerial Survey\._69_3.xlsx,._69_3.xlsx,.xlsx,failed,"Excel file format cannot be determined, you must specify an engine manually.",0.004,2025-12-15 14:21:14.497267,2025-10-21 15:15:16,,Survey,"., 69, 3",,,,,,,False,,
D:\NEOM_PROJECT\Marine_New_Data\Marine Megafauna Aerial Survey\._KBD_Marine_Megafauna_Template_03_06_2024_V1 2.xlsx,._KBD_Marine_Megafauna_Template_03_06_2024_V1 2.xlsx,.xlsx,failed,"Excel file format cannot be determined, you must specify an engine manually.",0.004,2025-12-15 14:21:14.439260,2025-10-21 15:15:16,,Survey,"., KBD, Marine, Megafauna, Template, 03, 06, 2024, V1 2",,,,,,,False,,
D:\NEOM_PROJECT\Marine_New_Data\Marine Megafauna Aerial Survey\._m17102_vessel_eventswp_combined_MASTER.xlsx,._m17102_vessel_eventswp_combined_MASTER.xlsx,.xlsx,failed,"Excel file format cannot be determined, you must specify an engine manually.",0.004,2025-12-15 14:21:14.526004,2025-10-21 15:15:16,,Survey,"., m17102, vessel, eventswp, combined, MASTER",,,,,,,False,,
D:\NEOM_PROJECT\Marine_New_Data\Marine Megafauna Aerial Survey\69_3.xlsx,69_3.xlsx,.xlsx,success,,2.911,2025-12-15 14:21:14.446303,2025-10-16 14:54:00,,Survey,"69, 3",,8.0,"Name, Date - Time, Latitude, Longtude, Altitude, Roll, Pitch, Yaw","Name:object, Date - Time:object, Latitude:float64, Longtude:float64, Altitude:float64, Roll:float64, Pitch:float64, Yaw:float64",2.0,"69_2, Sheet1",False,,
D:\NEOM_PROJECT\Marine_New_Data\Marine Megafauna Aerial Survey\KBD_Marine_Megafauna_Template_03_06_2024_V1 2.xlsx,KBD_Marine_Megafauna_Template_03_06_2024_V1 2.xlsx,.xlsx,success,,0.114,2025-12-15 14:21:14.418691,2025-10-16 14:54:00,,Survey,"KBD, Marine, Megafauna, Template, 03, 06, 2024, V1 2",,99.0,"Field Name, objectid, Shape, globalid, S123GID, S123PGID, StartDate, EndDate, SurveyDate, SurveyTime, Season, Year, SurveyMethod, OtherSurveyMethod, AreaName, SampleID, Depth, FaunaType, CommonName, CommoDBName, SpeciesName, FamilyName, Genus, IUCN_StatG, IUCN_StatR, HCP_SC_04, ObservationType, Behaviour, Stage, C_Adult, C_You, C_Juv, C_Total, BehaviourN, Evidence, OtherEvidence, EvidenceN, Min_, Max_, Best, Habitat, Visibility, Tide, Note, Author, Source, SourcePath, Date_, Period, DataC_Met, S123FrmS, S123FrmN, Surveyor, SurveyStat, Category, SubCategory, NameOth, ResultAvailable, ReportAvailable, Citation, DocumentNumber, DocumentTitle, ReportDate, MasterPlan, KBD_Prj, KBD_Pm, KBD_P_Ref, KBD_P_RefO, KBD_P_Code, KBD_PrjName, V_DataCol, V_Name, V_P_Code, V_InvoiceNo, V_ReportC, V_ReportP, ResultRef, AconexRef, C_SubStat, C_SubDate, DataPath, IED_Beacon, OrgDB_GID, CreationDate, Creator, EditDate, Editor, PO_KAUST, UID, Version, X, Y, Client, ReportID, Transect, image_name, image_id, id, IndividualComb","Field Name:int64, objectid:float64, Shape:float64, globalid:float64, S123GID:float64, S123PGID:float64, StartDate:datetime64[ns], EndDate:datetime64[ns], SurveyDate:datetime64[ns], SurveyTime:float64, Season:float64, Year:int64, SurveyMethod:object, OtherSurveyMethod:object, AreaName:object, SampleID:float64, Depth:float64, FaunaType:object, CommonName:object, CommoDBName:float64, SpeciesName:float64, FamilyName:object, Genus:object, IUCN_StatG:object, IUCN_StatR:object, HCP_SC_04:float64, ObservationType:float64, Behaviour:float64, Stage:float64, C_Adult:float64, C_You:float64, C_Juv:float64, C_Total:float64, BehaviourN:float64, Evidence:float64, OtherEvidence:float64, EvidenceN:float64, Min_:float64, Max_:float64, Best:float64, Habitat:float64, Visibility:float64, Tide:float64, Note:float64, Author:float64, Source:float64, SourcePath:float64, Date_:float64, Period:float64, DataC_Met:float64, S123FrmS:float64, S123FrmN:float64, Surveyor:float64, SurveyStat:float64, Category:float64, SubCategory:float64, NameOth:float64, ResultAvailable:float64, ReportAvailable:float64, Citation:float64, DocumentNumber:float64, DocumentTitle:float64, ReportDate:float64, MasterPlan:float64, KBD_Prj:object, KBD_Pm:float64, KBD_P_Ref:float64, KBD_P_RefO:object, KBD_P_Code:float64, KBD_PrjName:float64, V_DataCol:float64, V_Name:float64, V_P_Code:float64, V_InvoiceNo:float64, V_ReportC:float64, V_ReportP:float64, ResultRef:float64, AconexRef:float64, C_SubStat:float64, C_SubDate:float64, DataPath:float64, IED_Beacon:float64, OrgDB_GID:float64, CreationDate:float64, Creator:float64, EditDate:float64, Editor:float64, PO_KAUST:float64, UID:float64, Version:object, X:float64, Y:float64, Client:object, ReportID:float64, Transect:int64, image_name:object, image_id:float64, id:float64, IndividualComb:object",3.0,"MarineMegafauna, Choice, Marine_Megafauna_Schema",True,2023-10-10,2024-03-09
D:\NEOM_PROJECT\Marine_New_Data\Marine Megafauna Aerial Survey\m17102_vessel_eventswp_combined_MASTER.xlsx,m17102_vessel_eventswp_combined_MASTER.xlsx,.xlsx,success,,0.213,2025-12-15 14:21:14.499276,2025-10-16 14:54:00,,Survey,"m17102, vessel, eventswp, combined, MASTER",,138.0,"ID, date, time, time_tablet, waypoints, long, lat, effort, activity, sighting, begin_group, bg_waypoint, end_group, eg_waypoint, ac_end_wp, platform, sp_transect, sp_speed, sp_beaufourt, sp_course, sp_visibility, sp_swell, sp_portglare, sp_starglare, sp_notes, se_transect, se_speed, se_beaufourt, se_course, se_visibility, se_swell, se_portglare, se_starglare, se_notes, tr_transect, tr_speed, tr_beaufourt, tr_course, tr_visibility, tr_swell, tr_portglare, tr_starglare, tr_notes, ow_course, ow_bearing, ow_distance, ow_beaufourt, ow_swell, ow_visibility, ow_age, ow_group, ow_sighting, ow_other, ow_notes, fc_thought, fc_actual, occurrence_id, course, bearing, distance, beaufort, visibility, depth, platformdesig, side_obs, initialcue, initialcue_other, species_observed, species_observedother, odont_group, odont_groupnotes, baleen_group, baleen_groupnotes, min, max, best, behavior, add_notes, encounter_type, encounter_photo, ac_filename, ac_duration, ac_integrity, ac_sighting, ac_visualid, cv_no, dhow_no, fg_no, piledriving_no, seismic_no, ac_detection1, ac_detection2, ac_detection3, ac_detection4, ac_detection5, ac_detection6, ac_detection7, ac_detection8, ac_detection9, ac_detection10, ac_detection11, ac_detection12, ac_detection13, ac_detection14, ac_detection15, ac_detection16, ac_detection17, detection1_quality, detection2_quality, detection3_quality, detection4_quality, detection5_quality, detection6_quality, detection7_quality, detection8_quality, detection9_quality, detection10_quality, detection11_quality, detection12_quality, detection13_quality, detection14_quality, detection15_quality, detection16_quality, detection17_quality, ac_gain, ac_baleen_odont, ac_species, ac_speciesother, ac_description, ac_notes, human_act, human_act_other, human_act_notes, r_track, break_notes, os_notes, ab_notes, end_notes","ID:float64, date:datetime64[ns], time:object, time_tablet:object, waypoints:float64, long:float64, lat:float64, effort:float64, activity:object, sighting:object, begin_group:object, bg_waypoint:float64, end_group:object, eg_waypoint:float64, ac_end_wp:float64, platform:object, sp_transect:float64, sp_speed:float64, sp_beaufourt:float64, sp_course:float64, sp_visibility:float64, sp_swell:float64, sp_portglare:float64, sp_starglare:float64, sp_notes:object, se_transect:float64, se_speed:float64, se_beaufourt:float64, se_course:float64, se_visibility:float64, se_swell:float64, se_portglare:float64, se_starglare:float64, se_notes:object, tr_transect:float64, tr_speed:float64, tr_beaufourt:float64, tr_course:float64, tr_visibility:float64, tr_swell:float64, tr_portglare:float64, tr_starglare:float64, tr_notes:object, ow_course:float64, ow_bearing:float64, ow_distance:float64, ow_beaufourt:float64, ow_swell:float64, ow_visibility:float64, ow_age:object, ow_group:float64, ow_sighting:object, ow_other:object, ow_notes:object, fc_thought:object, fc_actual:object, occurrence_id:object, course:float64, bearing:float64, distance:float64, beaufort:float64, visibility:float64, depth:float64, platformdesig:object, side_obs:object, initialcue:object, initialcue_other:object, species_observed:object, species_observedother:float64, odont_group:object, odont_groupnotes:object, baleen_group:object, baleen_groupnotes:float64, min:float64, max:float64, best:float64, behavior:object, add_notes:object, encounter_type:object, encounter_photo:object, ac_filename:object, ac_duration:float64, ac_integrity:float64, ac_sighting:object, ac_visualid:float64, cv_no:float64, dhow_no:float64, fg_no:float64, piledriving_no:float64, seismic_no:float64, ac_detection1:object, ac_detection2:object, ac_detection3:object, ac_detection4:object, ac_detection5:object, ac_detection6:object, ac_detection7:object, ac_detection8:object, ac_detection9:object, ac_detection10:object, ac_detection11:object, ac_detection12:object, ac_detection13:object, ac_detection14:object, ac_detection15:object, ac_detection16:object, ac_detection17:object, detection1_quality:object, detection2_quality:object, detection3_quality:object, detection4_quality:float64, detection5_quality:float64, detection6_quality:float64, detection7_quality:float64, detection8_quality:float64, detection9_quality:float64, detection10_quality:float64, detection11_quality:float64, detection12_quality:float64, detection13_quality:float64, detection14_quality:float64, detection15_quality:float64, detection16_quality:float64, detection17_quality:float64, ac_gain:float64, ac_baleen_odont:object, ac_species:object, ac_speciesother:object, ac_description:object, ac_notes:object, human_act:float64, human_act_other:float64, human_act_notes:object, r_track:float64, break_notes:object, os_notes:float64, ab_notes:float64, end_notes:object",3.0,"vessel_eventswp_winter, vessel_eventswp_summer, Summary",False,,
D:\NEOM_PROJECT\Marine_New_Data\Marine Megafauna Aerial Survey 2023\._KBD_Marine_Megafauna_Template_03_06_2024_V1 2.xlsx,._KBD_Marine_Megafauna_Template_03_06_2024_V1 2.xlsx,.xlsx,failed,"Excel file format cannot be determined, you must specify an engine manually.",0.004,2025-12-15 14:20:35.445561,2025-10-21 15:13:38,,Survey,"., KBD, Marine, Megafauna, Template, 03, 06, 2024, V1 2",,,,,,,False,,
D:\NEOM_PROJECT\Marine_New_Data\Marine Megafauna Aerial Survey 2023\._m17102_vessel_eventswp_combined_MASTER.xlsx,._m17102_vessel_eventswp_combined_MASTER.xlsx,.xlsx,failed,"Excel file format cannot be determined, you must specify an engine manually.",0.004,2025-12-15 14:20:35.545437,2025-10-21 15:13:38,,Survey,"., m17102, vessel, eventswp, combined, MASTER",,,,,,,False,,
D:\NEOM_PROJECT\Marine_New_Data\Marine Megafauna Aerial Survey 2023\KBD_Marine_Megafauna_Template_03_06_2024_V1 2.xlsx,KBD_Marine_Megafauna_Template_03_06_2024_V1 2.xlsx,.xlsx,success,,0.114,2025-12-15 14:20:35.445561,2025-10-16 14:54:00,,Survey,"KBD, Marine, Megafauna, Template, 03, 06, 2024, V1 2",,99.0,"Field Name, objectid, Shape, globalid, S123GID, S123PGID, StartDate, EndDate, SurveyDate, SurveyTime, Season, Year, SurveyMethod, OtherSurveyMethod, AreaName, SampleID, Depth, FaunaType, CommonName, CommoDBName, SpeciesName, FamilyName, Genus, IUCN_StatG, IUCN_StatR, HCP_SC_04, ObservationType, Behaviour, Stage, C_Adult, C_You, C_Juv, C_Total, BehaviourN, Evidence, OtherEvidence, EvidenceN, Min_, Max_, Best, Habitat, Visibility, Tide, Note, Author, Source, SourcePath, Date_, Period, DataC_Met, S123FrmS, S123FrmN, Surveyor, SurveyStat, Category, SubCategory, NameOth, ResultAvailable, ReportAvailable, Citation, DocumentNumber, DocumentTitle, ReportDate, MasterPlan, KBD_Prj, KBD_Pm, KBD_P_Ref, KBD_P_RefO, KBD_P_Code, KBD_PrjName, V_DataCol, V_Name, V_P_Code, V_InvoiceNo, V_ReportC, V_ReportP, ResultRef, AconexRef, C_SubStat, C_SubDate, DataPath, IED_Beacon, OrgDB_GID, CreationDate, Creator, EditDate, Editor, PO_KAUST, UID, Version, X, Y, Client, ReportID, Transect, image_name, image_id, id, IndividualComb","Field Name:int64, objectid:float64, Shape:float64, globalid:float64, S123GID:float64, S123PGID:float64, StartDate:datetime64[ns], EndDate:datetime64[ns], SurveyDate:datetime64[ns], SurveyTime:float64, Season:float64, Year:int64, SurveyMethod:object, OtherSurveyMethod:object, AreaName:object, SampleID:float64, Depth:float64, FaunaType:object, CommonName:object, CommoDBName:float64, SpeciesName:float64, FamilyName:object, Genus:object, IUCN_StatG:object, IUCN_StatR:object, HCP_SC_04:float64, ObservationType:float64, Behaviour:float64, Stage:float64, C_Adult:float64, C_You:float64, C_Juv:float64, C_Total:float64, BehaviourN:float64, Evidence:float64, OtherEvidence:float64, EvidenceN:float64, Min_:float64, Max_:float64, Best:float64, Habitat:float64, Visibility:float64, Tide:float64, Note:float64, Author:float64, Source:float64, SourcePath:float64, Date_:float64, Period:float64, DataC_Met:float64, S123FrmS:float64, S123FrmN:float64, Surveyor:float64, SurveyStat:float64, Category:float64, SubCategory:float64, NameOth:float64, ResultAvailable:float64, ReportAvailable:float64, Citation:float64, DocumentNumber:float64, DocumentTitle:float64, ReportDate:float64, MasterPlan:float64, KBD_Prj:object, KBD_Pm:float64, KBD_P_Ref:float64, KBD_P_RefO:object, KBD_P_Code:float64, KBD_PrjName:float64, V_DataCol:float64, V_Name:float64, V_P_Code:float64, V_InvoiceNo:float64, V_ReportC:float64, V_ReportP:float64, ResultRef:float64, AconexRef:float64, C_SubStat:float64, C_SubDate:float64, DataPath:float64, IED_Beacon:float64, OrgDB_GID:float64, CreationDate:float64, Creator:float64, EditDate:float64, Editor:float64, PO_KAUST:float64, UID:float64, Version:object, X:float64, Y:float64, Client:object, ReportID:float64, Transect:int64, image_name:object, image_id:float64, id:float64, IndividualComb:object",3.0,"MarineMegafauna, Choice, Marine_Megafauna_Schema",True,2023-10-10,2024-03-09
D:\NEOM_PROJECT\Marine_New_Data\Marine Megafauna Aerial Survey 2023\m17102_vessel_eventswp_combined_MASTER.xlsx,m17102_vessel_eventswp_combined_MASTER.xlsx,.xlsx,success,,0.213,2025-12-15 14:20:35.537896,2025-10-16 14:54:00,,Survey,"m17102, vessel, eventswp, combined, MASTER",,138.0,"ID, date, time, time_tablet, waypoints, long, lat, effort, activity, sighting, begin_group, bg_waypoint, end_group, eg_waypoint, ac_end_wp, platform, sp_transect, sp_speed, sp_beaufourt, sp_course, sp_visibility, sp_swell, sp_portglare, sp_starglare, sp_notes, se_transect, se_speed, se_beaufourt, se_course, se_visibility, se_swell, se_portglare, se_starglare, se_notes, tr_transect, tr_speed, tr_beaufourt, tr_course, tr_visibility, tr_swell, tr_portglare, tr_starglare, tr_notes, ow_course, ow_bearing, ow_distance, ow_beaufourt, ow_swell, ow_visibility, ow_age, ow_group, ow_sighting, ow_other, ow_notes, fc_thought, fc_actual, occurrence_id, course, bearing, distance, beaufort, visibility, depth, platformdesig, side_obs, initialcue, initialcue_other, species_observed, species_observedother, odont_group, odont_groupnotes, baleen_group, baleen_groupnotes, min, max, best, behavior, add_notes, encounter_type, encounter_photo, ac_filename, ac_duration, ac_integrity, ac_sighting, ac_visualid, cv_no, dhow_no, fg_no, piledriving_no, seismic_no, ac_detection1, ac_detection2, ac_detection3, ac_detection4, ac_detection5, ac_detection6, ac_detection7, ac_detection8, ac_detection9, ac_detection10, ac_detection11, ac_detection12, ac_detection13, ac_detection14, ac_detection15, ac_detection16, ac_detection17, detection1_quality, detection2_quality, detection3_quality, detection4_quality, detection5_quality, detection6_quality, detection7_quality, detection8_quality, detection9_quality, detection10_quality, detection11_quality, detection12_quality, detection13_quality, detection14_quality, detection15_quality, detection16_quality, detection17_quality, ac_gain, ac_baleen_odont, ac_species, ac_speciesother, ac_description, ac_notes, human_act, human_act_other, human_act_notes, r_track, break_notes, os_notes, ab_notes, end_notes","ID:float64, date:datetime64[ns], time:object, time_tablet:object, waypoints:float64, long:float64, lat:float64, effort:float64, activity:object, sighting:object, begin_group:object, bg_waypoint:float64, end_group:object, eg_waypoint:float64, ac_end_wp:float64, platform:object, sp_transect:float64, sp_speed:float64, sp_beaufourt:float64, sp_course:float64, sp_visibility:float64, sp_swell:float64, sp_portglare:float64, sp_starglare:float64, sp_notes:object, se_transect:float64, se_speed:float64, se_beaufourt:float64, se_course:float64, se_visibility:float64, se_swell:float64, se_portglare:float64, se_starglare:float64, se_notes:object, tr_transect:float64, tr_speed:float64, tr_beaufourt:float64, tr_course:float64, tr_visibility:float64, tr_swell:float64, tr_portglare:float64, tr_starglare:float64, tr_notes:object, ow_course:float64, ow_bearing:float64, ow_distance:float64, ow_beaufourt:float64, ow_swell:float64, ow_visibility:float64, ow_age:object, ow_group:float64, ow_sighting:object, ow_other:object, ow_notes:object, fc_thought:object, fc_actual:object, occurrence_id:object, course:float64, bearing:float64, distance:float64, beaufort:float64, visibility:float64, depth:float64, platformdesig:object, side_obs:object, initialcue:object, initialcue_other:object, species_observed:object, species_observedother:float64, odont_group:object, odont_groupnotes:object, baleen_group:object, baleen_groupnotes:float64, min:float64, max:float64, best:float64, behavior:object, add_notes:object, encounter_type:object, encounter_photo:object, ac_filename:object, ac_duration:float64, ac_integrity:float64, ac_sighting:object, ac_visualid:float64, cv_no:float64, dhow_no:float64, fg_no:float64, piledriving_no:float64, seismic_no:float64, ac_detection1:object, ac_detection2:object, ac_detection3:object, ac_detection4:object, ac_detection5:object, ac_detection6:object, ac_detection7:object, ac_detection8:object, ac_detection9:object, ac_detection10:object, ac_detection11:object, ac_detection12:object, ac_detection13:object, ac_detection14:object, ac_detection15:object, ac_detection16:object, ac_detection17:object, detection1_quality:object, detection2_quality:object, detection3_quality:object, detection4_quality:float64, detection5_quality:float64, detection6_quality:float64, detection7_quality:float64, detection8_quality:float64, detection9_quality:float64, detection10_quality:float64, detection11_quality:float64, detection12_quality:float64, detection13_quality:float64, detection14_quality:float64, detection15_quality:float64, detection16_quality:float64, detection17_quality:float64, ac_gain:float64, ac_baleen_odont:object, ac_species:object, ac_speciesother:object, ac_description:object, ac_notes:object, human_act:float64, human_act_other:float64, human_act_notes:object, r_track:float64, break_notes:object, os_notes:float64, ab_notes:float64, end_notes:object",3.0,"vessel_eventswp_winter, vessel_eventswp_summer, Summary",False,,
D:\NEOM_PROJECT\Marine_New_Data\Megafauna (Cetaceans) baseline study\Acoustic data\._m17102_vessel_eventswp_combined_MASTER.xlsx,._m17102_vessel_eventswp_combined_MASTER.xlsx,.xlsx,failed,"Excel file format cannot be determined, you must specify an engine manually.",0.004,2025-12-15 14:18:56.099880,2025-10-21 15:09:46,Cetaceans,Study,"., m17102, vessel, eventswp, combined, MASTER",,,,,,,False,,
D:\NEOM_PROJECT\Marine_New_Data\Megafauna (Cetaceans) baseline study\Acoustic data\m17102_vessel_eventswp_combined_MASTER.xlsx,m17102_vessel_eventswp_combined_MASTER.xlsx,.xlsx,success,,0.213,2025-12-15 14:18:56.088428,2025-10-17 11:24:00,Cetaceans,Study,"m17102, vessel, eventswp, combined, MASTER",,138.0,"ID, date, time, time_tablet, waypoints, long, lat, effort, activity, sighting, begin_group, bg_waypoint, end_group, eg_waypoint, ac_end_wp, platform, sp_transect, sp_speed, sp_beaufourt, sp_course, sp_visibility, sp_swell, sp_portglare, sp_starglare, sp_notes, se_transect, se_speed, se_beaufourt, se_course, se_visibility, se_swell, se_portglare, se_starglare, se_notes, tr_transect, tr_speed, tr_beaufourt, tr_course, tr_visibility, tr_swell, tr_portglare, tr_starglare, tr_notes, ow_course, ow_bearing, ow_distance, ow_beaufourt, ow_swell, ow_visibility, ow_age, ow_group, ow_sighting, ow_other, ow_notes, fc_thought, fc_actual, occurrence_id, course, bearing, distance, beaufort, visibility, depth, platformdesig, side_obs, initialcue, initialcue_other, species_observed, species_observedother, odont_group, odont_groupnotes, baleen_group, baleen_groupnotes, min, max, best, behavior, add_notes, encounter_type, encounter_photo, ac_filename, ac_duration, ac_integrity, ac_sighting, ac_visualid, cv_no, dhow_no, fg_no, piledriving_no, seismic_no, ac_detection1, ac_detection2, ac_detection3, ac_detection4, ac_detection5, ac_detection6, ac_detection7, ac_detection8, ac_detection9, ac_detection10, ac_detection11, ac_detection12, ac_detection13, ac_detection14, ac_detection15, ac_detection16, ac_detection17, detection1_quality, detection2_quality, detection3_quality, detection4_quality, detection5_quality, detection6_quality, detection7_quality, detection8_quality, detection9_quality, detection10_quality, detection11_quality, detection12_quality, detection13_quality, detection14_quality, detection15_quality, detection16_quality, detection17_quality, ac_gain, ac_baleen_odont, ac_species, ac_speciesother, ac_description, ac_notes, human_act, human_act_other, human_act_notes, r_track, break_notes, os_notes, ab_notes, end_notes","ID:float64, date:datetime64[ns], time:object, time_tablet:object, waypoints:float64, long:float64, lat:float64, effort:float64, activity:object, sighting:object, begin_group:object, bg_waypoint:float64, end_group:object, eg_waypoint:float64, ac_end_wp:float64, platform:object, sp_transect:float64, sp_speed:float64, sp_beaufourt:float64, sp_course:float64, sp_visibility:float64, sp_swell:float64, sp_portglare:float64, sp_starglare:float64, sp_notes:object, se_transect:float64, se_speed:float64, se_beaufourt:float64, se_course:float64, se_visibility:float64, se_swell:float64, se_portglare:float64, se_starglare:float64, se_notes:object, tr_transect:float64, tr_speed:float64, tr_beaufourt:float64, tr_course:float64, tr_visibility:float64, tr_swell:float64, tr_portglare:float64, tr_starglare:float64, tr_notes:object, ow_course:float64, ow_bearing:float64, ow_distance:float64, ow_beaufourt:float64, ow_swell:float64, ow_visibility:float64, ow_age:object, ow_group:float64, ow_sighting:object, ow_other:object, ow_notes:object, fc_thought:object, fc_actual:object, occurrence_id:object, course:float64, bearing:float64, distance:float64, beaufort:float64, visibility:float64, depth:float64, platformdesig:object, side_obs:object, initialcue:object, initialcue_other:object, species_observed:object, species_observedother:float64, odont_group:object, odont_groupnotes:object, baleen_group:object, baleen_groupnotes:float64, min:float64, max:float64, best:float64, behavior:object, add_notes:object, encounter_type:object, encounter_photo:object, ac_filename:object, ac_duration:float64, ac_integrity:float64, ac_sighting:object, ac_visualid:float64, cv_no:float64, dhow_no:float64, fg_no:float64, piledriving_no:float64, seismic_no:float64, ac_detection1:object, ac_detection2:object, ac_detection3:object, ac_detection4:object, ac_detection5:object, ac_detection6:object, ac_detection7:object, ac_detection8:object, ac_detection9:object, ac_detection10:object, ac_detection11:object, ac_detection12:object, ac_detection13:object, ac_detection14:object, ac_detection15:object, ac_detection16:object, ac_detection17:object, detection1_quality:object, detection2_quality:object, detection3_quality:object, detection4_quality:float64, detection5_quality:float64, detection6_quality:float64, detection7_quality:float64, detection8_quality:float64, detection9_quality:float64, detection10_quality:float64, detection11_quality:float64, detection12_quality:float64, detection13_quality:float64, detection14_quality:float64, detection15_quality:float64, detection16_quality:float64, detection17_quality:float64, ac_gain:float64, ac_baleen_odont:object, ac_species:object, ac_speciesother:object, ac_description:object, ac_notes:object, human_act:float64, human_act_other:float64, human_act_notes:object, r_track:float64, break_notes:object, os_notes:float64, ab_notes:float64, end_notes:object",3.0,"vessel_eventswp_winter, vessel_eventswp_summer, Summary",False,,
D:\NEOM_PROJECT\Marine_New_Data\Megafauna (Cetaceans) baseline study\GIS data\20231217_Final Neom Schema Submission\._KBD_Data_Dictionary_Rev01.xlsx,._KBD_Data_Dictionary_Rev01.xlsx,.xlsx,failed,"Excel file format cannot be determined, you must specify an engine manually.",0.004,2025-12-15 14:18:34.684350,2025-10-21 15:06:52,Cetaceans,Study,"., KBD, Data, Dictionary, Rev01",,,,,,,False,,
D:\NEOM_PROJECT\Marine_New_Data\Megafauna (Cetaceans) baseline study\GIS data\20231217_Final Neom Schema Submission\KBD_Data_Dictionary_Rev01.xlsx,KBD_Data_Dictionary_Rev01.xlsx,.xlsx,success,,0.032,2025-12-15 14:18:34.666103,2025-10-17 09:58:00,Cetaceans,Study,"KBD, Data, Dictionary, Rev01",,4.0,"Unnamed: 0, Unnamed: 1, Unnamed: 2, Unnamed: 3","Unnamed: 0:object, Unnamed: 1:object, Unnamed: 2:object, Unnamed: 3:object",4.0,"Summary, Log, Choice_List, 1",False,,
D:\NEOM_PROJECT\Marine_New_Data\Megafauna (Cetaceans) baseline study\Raw Data Marine Megafauna\._M17102_NEOM_M_FAUNA_V_N_FG_5oes.xlsx,._M17102_NEOM_M_FAUNA_V_N_FG_5oes.xlsx,.xlsx,failed,"Excel file format cannot be determined, you must specify an engine manually.",0.004,2025-12-15 14:18:43.131445,2025-10-21 15:06:58,Cetaceans,Study,"., M17102, NEOM, M, FAUNA, V, N, FG, 5oes",,,,,,,False,,
D:\NEOM_PROJECT\Marine_New_Data\Megafauna (Cetaceans) baseline study\Raw Data Marine Megafauna\M17102_NEOM_M_FAUNA_V_N_FG_5oes.xlsx,M17102_NEOM_M_FAUNA_V_N_FG_5oes.xlsx,.xlsx,success,,0.041,2025-12-15 14:18:43.101239,2025-10-17 10:28:00,Cetaceans,Study,"M17102, NEOM, M, FAUNA, V, N, FG, 5oes",,40.0,"ID, NEOM Master Plan Area Name, A survey type code as defined in the GDMP, The name of the survey, Type of survey, The name of the Survey Boundary/ Area, Survey start dare (YYYY/MM/DD), Survey end date (YYYY/MM/DD), The date of the observation (YYYY/MM/DD), Use Coordinated Universal Time or UTC , The method by which the observation was made, Swimming, Feeding, Nesting, Flying  etc., Juvenile, Young, Adult etc, GPS waypoint, Off effort, On effort etc, Survey Season, The family name of the species observed, Genus of the fauna identified, The scientific species name of the species observed., The common name of the species observed, Best Count, IUCN Red List Global, IUCN Red List Regional, KSA HCP Criteria NCWCD 2004, A description of the habitat animal was observed in, Sample Depth in meters, Water temp in °C, Horizontal visability in meters, High / Medium / Low, Compass direction, In m/s. See Current Speed Table for description, The name of the person or group who authored the survey report and datasets. This should match the author named in the Metadata, Field Notes, any Additional information or observations, Citation - Full report citation for the accompanying survey report.Source - Source of data and date of cretion or update., KBD Project_Reference, BDC_Project_Code, Vendor_Project_Code, KBD, Latitude Degree Decimal, Longitude Degree Decimal","ID:int64, NEOM Master Plan Area Name:object, A survey type code as defined in the GDMP:object, The name of the survey:object, Type of survey:object, The name of the Survey Boundary/ Area:object, Survey start dare (YYYY/MM/DD):datetime64[ns], Survey end date (YYYY/MM/DD):datetime64[ns], The date of the observation (YYYY/MM/DD):datetime64[ns], Use Coordinated Universal Time or UTC :timedelta64[ns], The method by which the observation was made:object, Swimming, Feeding, Nesting, Flying  etc.:object, Juvenile, Young, Adult etc:object, GPS waypoint:int64, Off effort, On effort etc:object, Survey Season:object, The family name of the species observed:object, Genus of the fauna identified:object, The scientific species name of the species observed.:object, The common name of the species observed:object, Best Count:float64, IUCN Red List Global:object, IUCN Red List Regional:object, KSA HCP Criteria NCWCD 2004:object, A description of the habitat animal was observed in:float64, Sample Depth in meters:float64, Water temp in °C:float64, Horizontal visability in meters:float64, High / Medium / Low:object, Compass direction:object, In m/s. See Current Speed Table for description:float64, The name of the person or group who authored the survey report and datasets. This should match the author named in the Metadata:object, Field Notes, any Additional information or observations:object, Citation - Full report citation for the accompanying survey report.Source - Source of data and date of cretion or update.:float64, KBD Project_Reference:object, BDC_Project_Code:object, Vendor_Project_Code:float64, KBD:float64, Latitude Degree Decimal:float64, Longitude Degree Decimal:float64",2.0,"Marine_Fauna_Observation, Choice",False,,
D:\NEOM_PROJECT\Marine_New_Data\Megafauna Boat Survey\06 Deliverables\Acoustic Data\m17102_vessel_eventswp_combined_MASTER.xlsx,m17102_vessel_eventswp_combined_MASTER.xlsx,.xlsx,success,,0.213,2025-12-15 14:46:14.494009,2025-11-07 10:52:48,,Survey,"m17102, vessel, eventswp, combined, MASTER",,138.0,"ID, date, time, time_tablet, waypoints, long, lat, effort, activity, sighting, begin_group, bg_waypoint, end_group, eg_waypoint, ac_end_wp, platform, sp_transect, sp_speed, sp_beaufourt, sp_course, sp_visibility, sp_swell, sp_portglare, sp_starglare, sp_notes, se_transect, se_speed, se_beaufourt, se_course, se_visibility, se_swell, se_portglare, se_starglare, se_notes, tr_transect, tr_speed, tr_beaufourt, tr_course, tr_visibility, tr_swell, tr_portglare, tr_starglare, tr_notes, ow_course, ow_bearing, ow_distance, ow_beaufourt, ow_swell, ow_visibility, ow_age, ow_group, ow_sighting, ow_other, ow_notes, fc_thought, fc_actual, occurrence_id, course, bearing, distance, beaufort, visibility, depth, platformdesig, side_obs, initialcue, initialcue_other, species_observed, species_observedother, odont_group, odont_groupnotes, baleen_group, baleen_groupnotes, min, max, best, behavior, add_notes, encounter_type, encounter_photo, ac_filename, ac_duration, ac_integrity, ac_sighting, ac_visualid, cv_no, dhow_no, fg_no, piledriving_no, seismic_no, ac_detection1, ac_detection2, ac_detection3, ac_detection4, ac_detection5, ac_detection6, ac_detection7, ac_detection8, ac_detection9, ac_detection10, ac_detection11, ac_detection12, ac_detection13, ac_detection14, ac_detection15, ac_detection16, ac_detection17, detection1_quality, detection2_quality, detection3_quality, detection4_quality, detection5_quality, detection6_quality, detection7_quality, detection8_quality, detection9_quality, detection10_quality, detection11_quality, detection12_quality, detection13_quality, detection14_quality, detection15_quality, detection16_quality, detection17_quality, ac_gain, ac_baleen_odont, ac_species, ac_speciesother, ac_description, ac_notes, human_act, human_act_other, human_act_notes, r_track, break_notes, os_notes, ab_notes, end_notes","ID:float64, date:datetime64[ns], time:object, time_tablet:object, waypoints:float64, long:float64, lat:float64, effort:float64, activity:object, sighting:object, begin_group:object, bg_waypoint:float64, end_group:object, eg_waypoint:float64, ac_end_wp:float64, platform:object, sp_transect:float64, sp_speed:float64, sp_beaufourt:float64, sp_course:float64, sp_visibility:float64, sp_swell:float64, sp_portglare:float64, sp_starglare:float64, sp_notes:object, se_transect:float64, se_speed:float64, se_beaufourt:float64, se_course:float64, se_visibility:float64, se_swell:float64, se_portglare:float64, se_starglare:float64, se_notes:object, tr_transect:float64, tr_speed:float64, tr_beaufourt:float64, tr_course:float64, tr_visibility:float64, tr_swell:float64, tr_portglare:float64, tr_starglare:float64, tr_notes:object, ow_course:float64, ow_bearing:float64, ow_distance:float64, ow_beaufourt:float64, ow_swell:float64, ow_visibility:float64, ow_age:object, ow_group:float64, ow_sighting:object, ow_other:object, ow_notes:object, fc_thought:object, fc_actual:object, occurrence_id:object, course:float64, bearing:float64, distance:float64, beaufort:float64, visibility:float64, depth:float64, platformdesig:object, side_obs:object, initialcue:object, initialcue_other:object, species_observed:object, species_observedother:float64, odont_group:object, odont_groupnotes:object, baleen_group:object, baleen_groupnotes:float64, min:float64, max:float64, best:float64, behavior:object, add_notes:object, encounter_type:object, encounter_photo:object, ac_filename:object, ac_duration:float64, ac_integrity:float64, ac_sighting:object, ac_visualid:float64, cv_no:float64, dhow_no:float64, fg_no:float64, piledriving_no:float64, seismic_no:float64, ac_detection1:object, ac_detection2:object, ac_detection3:object, ac_detection4:object, ac_detection5:object, ac_detection6:object, ac_detection7:object, ac_detection8:object, ac_detection9:object, ac_detection10:object, ac_detection11:object, ac_detection12:object, ac_detection13:object, ac_detection14:object, ac_detection15:object, ac_detection16:object, ac_detection17:object, detection1_quality:object, detection2_quality:object, detection3_quality:object, detection4_quality:float64, detection5_quality:float64, detection6_quality:float64, detection7_quality:float64, detection8_quality:float64, detection9_quality:float64, detection10_quality:float64, detection11_quality:float64, detection12_quality:float64, detection13_quality:float64, detection14_quality:float64, detection15_quality:float64, detection16_quality:float64, detection17_quality:float64, ac_gain:float64, ac_baleen_odont:object, ac_species:object, ac_speciesother:object, ac_description:object, ac_notes:object, human_act:float64, human_act_other:float64, human_act_notes:object, r_track:float64, break_notes:object, os_notes:float64, ab_notes:float64, end_notes:object",3.0,"vessel_eventswp_winter, vessel_eventswp_summer, Summary",False,,
D:\NEOM_PROJECT\Marine_New_Data\Megafauna Boat Survey\06 Deliverables\GIS data\20231217_Final Neom Schema Submission\KBD_Data_Dictionary_Rev01.xlsx,KBD_Data_Dictionary_Rev01.xlsx,.xlsx,success,,0.032,2025-12-15 14:47:39.305963,2025-11-07 11:46:10,,Survey,"KBD, Data, Dictionary, Rev01",,4.0,"Unnamed: 0, Unnamed: 1, Unnamed: 2, Unnamed: 3","Unnamed: 0:object, Unnamed: 1:object, Unnamed: 2:object, Unnamed: 3:object",4.0,"Summary, Log, Choice_List, 1",False,,
D:\NEOM_PROJECT\Marine_New_Data\Megafauna Boat Survey\06 Deliverables\Raw Data Marine Megafauna\M17102_NEOM_M_FAUNA_V_N_FG_5oes.xlsx,M17102_NEOM_M_FAUNA_V_N_FG_5oes.xlsx,.xlsx,success,,0.041,2025-12-15 14:47:44.613485,2025-11-07 11:47:06,,Survey,"M17102, NEOM, M, FAUNA, V, N, FG, 5oes",,40.0,"ID, NEOM Master Plan Area Name, A survey type code as defined in the GDMP, The name of the survey, Type of survey, The name of the Survey Boundary/ Area, Survey start dare (YYYY/MM/DD), Survey end date (YYYY/MM/DD), The date of the observation (YYYY/MM/DD), Use Coordinated Universal Time or UTC , The method by which the observation was made, Swimming, Feeding, Nesting, Flying  etc., Juvenile, Young, Adult etc, GPS waypoint, Off effort, On effort etc, Survey Season, The family name of the species observed, Genus of the fauna identified, The scientific species name of the species observed., The common name of the species observed, Best Count, IUCN Red List Global, IUCN Red List Regional, KSA HCP Criteria NCWCD 2004, A description of the habitat animal was observed in, Sample Depth in meters, Water temp in °C, Horizontal visability in meters, High / Medium / Low, Compass direction, In m/s. See Current Speed Table for description, The name of the person or group who authored the survey report and datasets. This should match the author named in the Metadata, Field Notes, any Additional information or observations, Citation - Full report citation for the accompanying survey report.Source - Source of data and date of cretion or update., KBD Project_Reference, BDC_Project_Code, Vendor_Project_Code, KBD, Latitude Degree Decimal, Longitude Degree Decimal","ID:int64, NEOM Master Plan Area Name:object, A survey type code as defined in the GDMP:object, The name of the survey:object, Type of survey:object, The name of the Survey Boundary/ Area:object, Survey start dare (YYYY/MM/DD):datetime64[ns], Survey end date (YYYY/MM/DD):datetime64[ns], The date of the observation (YYYY/MM/DD):datetime64[ns], Use Coordinated Universal Time or UTC :timedelta64[ns], The method by which the observation was made:object, Swimming, Feeding, Nesting, Flying  etc.:object, Juvenile, Young, Adult etc:object, GPS waypoint:int64, Off effort, On effort etc:object, Survey Season:object, The family name of the species observed:object, Genus of the fauna identified:object, The scientific species name of the species observed.:object, The common name of the species observed:object, Best Count:float64, IUCN Red List Global:object, IUCN Red List Regional:object, KSA HCP Criteria NCWCD 2004:object, A description of the habitat animal was observed in:float64, Sample Depth in meters:float64, Water temp in °C:float64, Horizontal visability in meters:float64, High / Medium / Low:object, Compass direction:object, In m/s. See Current Speed Table for description:float64, The name of the person or group who authored the survey report and datasets. This should match the author named in the Metadata:object, Field Notes, any Additional information or observations:object, Citation - Full report citation for the accompanying survey report.Source - Source of data and date of cretion or update.:float64, KBD Project_Reference:object, BDC_Project_Code:object, Vendor_Project_Code:float64, KBD:float64, Latitude Degree Decimal:float64, Longitude Degree Decimal:float64",2.0,"Marine_Fauna_Observation, Choice",False,,
D:\NEOM_PROJECT\Marine_New_Data\Species Conservation Programme phase 2 - Seabirds and Turtles (Work on progress\06_GIS\01_KMZs\2025-05-11_All Marine Megafauna & Avifauna Geodatabase KMZ\FINAL\Shape\Attribute_Field_Details.xlsx,Attribute_Field_Details.xlsx,.xlsx,success,,0.025,2025-12-15 15:06:21.596996,2025-11-07 11:59:18,Turtles,,"Attribute, Field, Details",,3.0,"Unnamed: 0, Unnamed: 1, Unnamed: 2","Unnamed: 0:float64, Unnamed: 1:object, Unnamed: 2:object",3.0,"Turtle, Megafauna, Bird",False,,
D:\NEOM_PROJECT\Marine_New_Data\Species Conservation Programme phase 2 - Seabirds and Turtles (Work on progress\07_Additional\03_Farsha_Island\01_Artificial_Osprey_Nests\Al Farsha_Camera Trap-Live Cameras.xlsx,Al Farsha_Camera Trap-Live Cameras.xlsx,.xlsx,success,,0.02,2025-12-15 15:06:28.937232,2025-11-07 12:01:56,Turtles,,"Al Farsha, Camera Trap, Live Cameras",,15.0,"Island, ID , Latitude, Longitude, Deployment date, Maintenance/SD Card Collection Date, First Photo Date (YYYY-MM-DD), Last photo Date (YYYY-MM-DD), In-situ, Deployment Objective, Capture Mode, Analysis Complete (Y/N/Progress), Backup, Who Deployed, Notes","Island:object, ID :object, Latitude:float64, Longitude:float64, Deployment date:datetime64[ns], Maintenance/SD Card Collection Date:datetime64[ns], First Photo Date (YYYY-MM-DD):datetime64[ns], Last photo Date (YYYY-MM-DD):datetime64[ns], In-situ:int64, Deployment Objective:object, Capture Mode:object, Analysis Complete (Y/N/Progress):object, Backup:object, Who Deployed:object, Notes:object",1.0,Al Farsha,False,,
D:\NEOM_PROJECT\Marine_New_Data\Species Conservation Programme phase 2 - Seabirds and Turtles (Work on progress\07_Additional\03_Farsha_Island\02_Camera_Traps\Al Farsha_Camera Traps.xlsx,Al Farsha_Camera Traps.xlsx,.xlsx,success,,0.02,2025-12-15 15:06:29.309560,2025-11-07 12:01:58,Turtles,,"Al Farsha, Camera Traps",,15.0,"Island, ID , Latitude, Longitude, Deployment date, Maintenance/SD Card Collection Date, First Photo Date (YYYY-MM-DD), Last photo Date (YYYY-MM-DD), In-situ, Deployment Objective, Capture Mode, Analysis Complete (Y/N/Progress), Backup, Who Deployed, Notes","Island:object, ID :object, Latitude:float64, Longitude:float64, Deployment date:datetime64[ns], Maintenance/SD Card Collection Date:datetime64[ns], First Photo Date (YYYY-MM-DD):object, Last photo Date (YYYY-MM-DD):object, In-situ:object, Deployment Objective:object, Capture Mode:object, Analysis Complete (Y/N/Progress):object, Backup:object, Who Deployed:object, Notes:object",1.0,Al Farsha,False,,
D:\NEOM_PROJECT\Marine_New_Data\Species Conservation Programme phase 2 - Seabirds and Turtles (Work on progress\07_Additional\03_Farsha_Island\04_Seabirds\Farshah_Aug11_Summer Breeding Seabirds.xlsx,Farshah_Aug11_Summer Breeding Seabirds.xlsx,.xlsx,success,,0.022,2025-12-15 15:06:38.814358,2025-11-07 12:02:04,Turtles,,"Farshah, Aug11, Summer Breeding Seabirds",,23.0,"Year, Date, Season, Island_Name, Lat, Long, Breeding season, Observation Type, Time, Species Name, Scientific_Name, Breed Status, Number of Individuals, Number of Nesting Pairs, Number of Assumed Pairs, Total Pairs, Nest, Eggs, Juveniles, Chicks, Scrapes/empty nest, Distance, Notes","Year:int64, Date:datetime64[ns], Season:object, Island_Name:object, Lat:float64, Long:float64, Breeding season:object, Observation Type:object, Time:object, Species Name:object, Scientific_Name:float64, Breed Status:object, Number of Individuals:float64, Number of Nesting Pairs:float64, Number of Assumed Pairs:float64, Total Pairs:float64, Nest:float64, Eggs:float64, Juveniles:float64, Chicks:object, Scrapes/empty nest:float64, Distance:object, Notes:object",1.0,Sheet1,False,,
D:\NEOM_PROJECT\Marine_New_Data\Species Management Plans project (Dugong)\5. GIS data\KBD_Data_Dictionary_Rev01.xlsx,KBD_Data_Dictionary_Rev01.xlsx,.xlsx,success,,0.11,2025-12-15 15:07:55.498419,2025-11-07 12:09:56,,Species Management,"KBD, Data, Dictionary, Rev01",,4.0,"Unnamed: 0, Unnamed: 1, Unnamed: 2, Unnamed: 3","Unnamed: 0:object, Unnamed: 1:object, Unnamed: 2:object, Unnamed: 3:object",4.0,"Summary, Log, Choice_List, 1",False,,
D:\NEOM_PROJECT\Marine_New_Data\Species Management Plans project (Sooty Falcon)\4. Raw data\SF_Interim_Database_20221124\83242_KBD_Sooty_Falcon_20221124.xlsx,83242_KBD_Sooty_Falcon_20221124.xlsx,.xlsx,success,,0.28,2025-12-15 14:46:04.285387,2025-11-06 23:59:30,,Species Management,"83242, KBD, Sooty, Falcon, 20221124",,71.0,"OBJECTID *, ObjectID, globalid, Project_Re1, BDC_Projec1, Bdc_report_name1, Lat1, Long1, Horz_Acc1, Surveyor_Name, GPS_Refer1, Date, Year, Season, Start Time, Island_Name, Specific_Name, Other Island Name, GPS_Waypoi1, Development_Phase, ABBA_Sq_No., AB_Group, Observation Type, Tide, End Time, Species Name, Bird_Oth, Scientific_Name, Breed Status, Number of Individuals, Number of Nesting Pairs,  Number of Assumed Pairs , Total Pairs, Nest, Eggs, Juveniles, Chicks, Distance, Direction, Notes, HCP_Stat1, HCP_Stat2, IUCN_Stat, IUCN_StatR, CMS_AI, CMS_AII, CMS_AEWA, ABBA_Ref, BEC, Code_Dia, Order_, Family Name, Genus, Comments1, Photo Count, Photo Name, Camera, parentglobalid, CreationDate, Creator, EditDate, Editor, UID, UID_O, X, Y, Shape *, Elevatiion, Sooty Falcon Breeding Status, Map, Visit","OBJECTID *:float64, ObjectID:float64, globalid:object, Project_Re1:object, BDC_Projec1:object, Bdc_report_name1:object, Lat1:float64, Long1:float64, Horz_Acc1:float64, Surveyor_Name:object, GPS_Refer1:object, Date:datetime64[ns], Year:float64, Season:object, Start Time:object, Island_Name:object, Specific_Name:object, Other Island Name:object, GPS_Waypoi1:object, Development_Phase:object, ABBA_Sq_No.:object, AB_Group:object, Observation Type:object, Tide:object, End Time:object, Species Name:object, Bird_Oth:object, Scientific_Name:object, Breed Status:object, Number of Individuals:float64, Number of Nesting Pairs:object,  Number of Assumed Pairs :object, Total Pairs:object, Nest:object, Eggs:object, Juveniles:object, Chicks:object, Distance:object, Direction:object, Notes:object, HCP_Stat1:object, HCP_Stat2:object, IUCN_Stat:object, IUCN_StatR:object, CMS_AI:object, CMS_AII:object, CMS_AEWA:object, ABBA_Ref:object, BEC:object, Code_Dia:object, Order_:object, Family Name:object, Genus:object, Comments1:object, Photo Count:float64, Photo Name:object, Camera:object, parentglobalid:object, CreationDate:datetime64[ns], Creator:object, EditDate:datetime64[ns], Editor:object, UID:object, UID_O:object, X:float64, Y:float64, Shape *:object, Elevatiion:float64, Sooty Falcon Breeding Status:object, Map:object, Visit:object",1.0,Sheet1,False,,
D:\NEOM_PROJECT\Marine_New_Data\Turtles Baseline Study\Turtle Conservation Effort\Elevation Model - Dataset (Maps and Calculations)\._83214_Turtle_Nesting_SLR_Risk_Rev01 (2).xlsx,._83214_Turtle_Nesting_SLR_Risk_Rev01 (2).xlsx,.xlsx,failed,"Excel file format cannot be determined, you must specify an engine manually.",0.004,2025-12-15 14:44:36.956781,2025-10-21 15:21:56,Turtles,Study,"., 83214, Turtle, Nesting, SLR, Risk, Rev01 (2)",,,,,,,False,,
D:\NEOM_PROJECT\Marine_New_Data\Turtles Baseline Study\Turtle Conservation Effort\Elevation Model - Dataset (Maps and Calculations)\83214_Turtle_Nesting_SLR_Risk_Rev01 (2).xlsx,83214_Turtle_Nesting_SLR_Risk_Rev01 (2).xlsx,.xlsx,success,,0.346,2025-12-15 14:44:36.929265,2025-10-17 16:48:00,Turtles,Study,"83214, Turtle, Nesting, SLR, Risk, Rev01 (2)",,129.0,"OBJECTID *, Shape *, FID_Elevation_Combined_Turtle_Select_Intersect_SEL_Buf_Dis_Env, MERGE_SRC, ORIG_FID, Scale_1, FID_Elevation_Combined__Merge_Inter_202309, FID_Elevation_Combined__Merge, Id, gridcode, Elevation Range, OBJECTID, gridcode.1, FREQUENCY, FIRST_gridcode, Elevation_Range, Field, MERGE_SRC.1, FID_BDC_TURTLE_SURVEY_V1_20221101, GPS_Waypoint, Survey Time, Island_name, Specify Other Location, Island_no, Turtle Species, Turtle Gender, Turtle Age Stage, Evidence, Nesting_Success, Weeks_Old, Weeks_Old Count, Nest Assessed, Nest top depth in cm, Nest bottom depth in cm, Nest Top-Buttom Depth (cm), Eggs: Normal - Multi Yolk - Yolk Less, Eggs: Normal count, Eggs: Multi Yolk count, Eggs: Yolk Less count, Eggs Total, new/recap Turtle Observation, Turtle Tagged, tag Position, Tag Number, Flipper_tagged_L, tagnumber_L, Flipper_Tagged_R, tagnumber_R, PTT_satellite_tag, Turtle measurement taken, Carapace Curve Length (cm), Maximum Width (cm), Head Width (cm), Crown Diameter, Sample collected, DNA Sample collected, DNA_sample_SL, Stable_Isotope_Sample collected, Stable_Isotope_Sample_SL, Sample_Other, Mobile Camera Photograph Count, Mobile Camera Photograph File Name, Field Camera External Photo Number, General Note, Cloud Cover Percentage, Rain, Wind Speed m/s, Wind Direction, Temperature in Degree Celsius, GPS Transect Start, GPS Transect End, Habitat_Description, Latitude, Longitude, GPS Horizontal Accuracy, Animal Behavior, Creator, EditDate, Editor, PPT_Model, Temp, Feature name as in report, Source of the data, Path of the folder where the data received from source is stored, Survey Date, Survey/sample collection date, Survey period (if survey date is not available), Data Collection Method, Survey_123_Form Source, Survey_123_Form name, Name of the surveyor, prefix the organization name, Survey status, Broad survey category, BDC survey detailed category, Other survey category name, Survey note, Sample result available?, Report available?, Citation for the accompanying survey report, Document Number, Document Title, Report Date, Master plan name, Survey area name, Is the data from a bdc project, BDC project manager, BDC major project reference, BDC other project reference, BDC project code in case of a bdc survey, BDC project full name, Is the data collected by vendor, Vendor Name, Vendor project code, Vendor invoice reference, Vendor Report Citation, Path of the folder where vendor report is stored, Result reference, Aconex_reference, Data Submitted to Client, Slient Submission date, Folder path where data is stored, IED beacon folder path, Global ID in the master BDC database, IUCN status global, IUCN status regional, Field.1, Count_1, X_, Y_","OBJECTID *:int64, Shape *:object, FID_Elevation_Combined_Turtle_Select_Intersect_SEL_Buf_Dis_Env:int64, MERGE_SRC:object, ORIG_FID:object, Scale_1:object, FID_Elevation_Combined__Merge_Inter_202309:int64, FID_Elevation_Combined__Merge:int64, Id:int64, gridcode:int64, Elevation Range:object, OBJECTID:int64, gridcode.1:int64, FREQUENCY:int64, FIRST_gridcode:int64, Elevation_Range:object, Field:object, MERGE_SRC.1:object, FID_BDC_TURTLE_SURVEY_V1_20221101:int64, GPS_Waypoint:object, Survey Time:object, Island_name:object, Specify Other Location:object, Island_no:object, Turtle Species:object, Turtle Gender:object, Turtle Age Stage:object, Evidence:object, Nesting_Success:object, Weeks_Old:object, Weeks_Old Count:object, Nest Assessed:object, Nest top depth in cm:object, Nest bottom depth in cm:object, Nest Top-Buttom Depth (cm):object, Eggs: Normal - Multi Yolk - Yolk Less:object, Eggs: Normal count:object, Eggs: Multi Yolk count:object, Eggs: Yolk Less count:object, Eggs Total:object, new/recap Turtle Observation:object, Turtle Tagged:object, tag Position:object, Tag Number:object, Flipper_tagged_L:object, tagnumber_L:object, Flipper_Tagged_R:object, tagnumber_R:object, PTT_satellite_tag:object, Turtle measurement taken:object, Carapace Curve Length (cm):object, Maximum Width (cm):object, Head Width (cm):object, Crown Diameter:object, Sample collected:object, DNA Sample collected:object, DNA_sample_SL:object, Stable_Isotope_Sample collected:object, Stable_Isotope_Sample_SL:object, Sample_Other:object, Mobile Camera Photograph Count:object, Mobile Camera Photograph File Name:object, Field Camera External Photo Number:object, General Note:object, Cloud Cover Percentage:object, Rain:object, Wind Speed m/s:object, Wind Direction:object, Temperature in Degree Celsius:object, GPS Transect Start:object, GPS Transect End:object, Habitat_Description:object, Latitude:object, Longitude:object, GPS Horizontal Accuracy:object, Animal Behavior:object, Creator:object, EditDate:object, Editor:object, PPT_Model:object, Temp:object, Feature name as in report:object, Source of the data:object, Path of the folder where the data received from source is stored:object, Survey Date:object, Survey/sample collection date:object, Survey period (if survey date is not available):object, Data Collection Method:object, Survey_123_Form Source:object, Survey_123_Form name:object, Name of the surveyor, prefix the organization name:object, Survey status:object, Broad survey category:object, BDC survey detailed category:object, Other survey category name:object, Survey note:object, Sample result available?:object, Report available?:object, Citation for the accompanying survey report:object, Document Number:object, Document Title:object, Report Date:object, Master plan name:object, Survey area name:object, Is the data from a bdc project:object, BDC project manager:object, BDC major project reference:object, BDC other project reference:object, BDC project code in case of a bdc survey:object, BDC project full name:object, Is the data collected by vendor:object, Vendor Name:object, Vendor project code:object, Vendor invoice reference:object, Vendor Report Citation:object, Path of the folder where vendor report is stored:object, Result reference:object, Aconex_reference:object, Data Submitted to Client:object, Slient Submission date:object, Folder path where data is stored:object, IED beacon folder path:object, Global ID in the master BDC database:object, IUCN status global:object, IUCN status regional:object, Field.1:object, Count_1:object, X_:object, Y_:object",1.0,Turtle_Nesting_SLR_Risk,False,,
D:\NEOM_PROJECT\Marine_New_Data\Turtles Baseline Study\Turtle Conservation Effort\PostSurvey Report Raw Data - Each Turtle\._20230808 - Notebook observations. 10 Tagged Turtles and Hatching Success.xlsx,._20230808 - Notebook observations. 10 Tagged Turtles and Hatching Success.xlsx,.xlsx,failed,"Excel file format cannot be determined, you must specify an engine manually.",0.004,2025-12-15 14:44:31.071413,2025-10-21 15:20:54,Turtles,Survey,"., 20230808 ,  Notebook observations. 10 Tagged Turtles and Hatching Success",,,,,,,False,,
D:\NEOM_PROJECT\Marine_New_Data\Turtles Baseline Study\Turtle Conservation Effort\PostSurvey Report Raw Data - Each Turtle\20230808 - Notebook observations. 10 Tagged Turtles and Hatching Success.xlsx,20230808 - Notebook observations. 10 Tagged Turtles and Hatching Success.xlsx,.xlsx,success,,153.492,2025-12-15 14:44:29.711694,2025-10-17 16:59:00,Turtles,Survey,"20230808 ,  Notebook observations. 10 Tagged Turtles and Hatching Success",,3.0,"Unnamed: 0, AMAL, Unnamed: 2","Unnamed: 0:object, AMAL:object, Unnamed: 2:object",11.0,"RS0473_PTT0223943, RS0475_PTT0223945, RS0477_PTT0223948, RS0479_PTT0223949, RS0481_PTT0223950, RS0483_PTT0223951, RS0485_PTT0223952, RS0487_PTT0223953, RS0489_PTT0223954, RS-0491_PTT0223955, Hatching_Success_Wala_Cm",False,,
D:\NEOM_PROJECT\Marine_New_Data\Turtles Baseline Study\Turtle Conservation Effort\PTT-TrackingData - RAW Data (BackUp)\._7143_NEOM_TaggedTurtles_DataCutOff_05.12.2023.csv,._7143_NEOM_TaggedTurtles_DataCutOff_05.12.2023.csv,.csv,failed,'utf-8' codec can't decode byte 0xb0 in position 37: invalid start byte,0.004,2025-12-15 14:44:38.743655,2025-10-21 15:22:02,Turtles,Study,"., 7143, NEOM, TaggedTurtles, DataCutOff, 05.12.2023",,,,,,,False,,
D:\NEOM_PROJECT\Marine_New_Data\Turtles Baseline Study\Turtle Conservation Effort\PTT-TrackingData - RAW Data (BackUp)\7143_NEOM_TaggedTurtles_DataCutOff_05.12.2023.csv,7143_NEOM_TaggedTurtles_DataCutOff_05.12.2023.csv,.csv,success,,1.082,2025-12-15 14:44:38.708989,2025-10-17 17:05:00,Turtles,Study,"7143, NEOM, TaggedTurtles, DataCutOff, 05.12.2023",13586.0,32.0,"Tag_ID, UTC_Date, UTC_Time, Latitude, Longitude, LQ, HDOP, CNR, Sats, TimeOn(s), eRes, TempDeg, MinVolt, Curr(mA), Maxdepth, divelen, TADindex,  TimeElapsed, DepthBin0, DepthBin1, DepthBin2, DepthBin3, DepthBin4, DepthBin5, DepthBin6, Day Dive Ratio, Day Max Dive Depth, ErrorRadius, SemiMajor, SemiMinor, Orientation, Unnamed: 31","Tag_ID:object, UTC_Date:object, UTC_Time:object, Latitude:float64, Longitude:float64, LQ:object, HDOP:float64, CNR:float64, Sats:float64, TimeOn(s):float64, eRes:float64, TempDeg:float64, MinVolt:float64, Curr(mA):float64, Maxdepth:float64, divelen:float64, TADindex:float64,  TimeElapsed:float64, DepthBin0:float64, DepthBin1:float64, DepthBin2:float64, DepthBin3:float64, DepthBin4:float64, DepthBin5:float64, DepthBin6:float64, Day Dive Ratio:float64, Day Max Dive Depth:float64, ErrorRadius:float64, SemiMajor:float64, SemiMinor:float64, Orientation:float64, Unnamed: 31:float64",,,False,,
D:\NEOM_PROJECT\Marine_New_Data\Turtles Baseline Study\Turtle Conservation Effort\PTT-TrackingData - RAW Data (BackUp)\June2023-SUrvey\0223943\._0223943 - RS-0473. RS-0474. 20230711 E.imbricata (stopped_22.06.2023).csv,._0223943 - RS-0473. RS-0474. 20230711 E.imbricata (stopped_22.06.2023).csv,.csv,failed,'utf-8' codec can't decode byte 0xb0 in position 37: invalid start byte,0.004,2025-12-15 14:44:39.047333,2025-10-21 15:22:02,Turtles,Survey,"., 0223943 ,  RS, 0473. RS, 0474. 20230711 E.imbricata (stopped, 22.06.2023)",,,,,,,False,,
D:\NEOM_PROJECT\Marine_New_Data\Turtles Baseline Study\Turtle Conservation Effort\PTT-TrackingData - RAW Data (BackUp)\June2023-SUrvey\0223943\0223943 - RS-0473. RS-0474. 20230711 E.imbricata (stopped_22.06.2023).csv,0223943 - RS-0473. RS-0474. 20230711 E.imbricata (stopped_22.06.2023).csv,.csv,success,,0.007,2025-12-15 14:44:39.037735,2025-10-17 17:05:00,Turtles,Survey,"0223943 ,  RS, 0473. RS, 0474. 20230711 E.imbricata (stopped, 22.06.2023)",86.0,26.0,"Tag_ID, UTC_Date, UTC_Time, Latitude, Longitude, LQ, HDOP, CNR, Sats, TimeOn(s), eRes, TempDeg, MinVolt, Curr(mA), DepthBin0, DepthBin1, DepthBin2, DepthBin3, DepthBin4, DepthBin5, DepthBin6, ErrorRadius, SemiMajor, SemiMinor, Orientation, Unnamed: 25","Tag_ID:object, UTC_Date:object, UTC_Time:object, Latitude:float64, Longitude:float64, LQ:object, HDOP:float64, CNR:float64, Sats:float64, TimeOn(s):float64, eRes:float64, TempDeg:float64, MinVolt:float64, Curr(mA):float64, DepthBin0:float64, DepthBin1:float64, DepthBin2:float64, DepthBin3:float64, DepthBin4:float64, DepthBin5:float64, DepthBin6:float64, ErrorRadius:float64, SemiMajor:float64, SemiMinor:float64, Orientation:float64, Unnamed: 25:float64",,,False,,
D:\NEOM_PROJECT\Marine_New_Data\Turtles Baseline Study\Turtle Conservation Effort\PTT-TrackingData - RAW Data (BackUp)\June2023-SUrvey\0223945\._0223945 - RS-0475. RS-0476. 20230711. E.imbricata.csv,._0223945 - RS-0475. RS-0476. 20230711. E.imbricata.csv,.csv,failed,'utf-8' codec can't decode byte 0xb0 in position 37: invalid start byte,0.004,2025-12-15 14:44:39.081022,2025-10-21 15:22:02,Turtles,Survey,"., 0223945 ,  RS, 0475. RS, 0476. 20230711. E.imbricata",,,,,,,False,,
D:\NEOM_PROJECT\Marine_New_Data\Turtles Baseline Study\Turtle Conservation Effort\PTT-TrackingData - RAW Data (BackUp)\June2023-SUrvey\0223945\._0223945 - RS-0475. RS-0476. 20230723. E.imbricata.csv,._0223945 - RS-0475. RS-0476. 20230723. E.imbricata.csv,.csv,failed,'utf-8' codec can't decode byte 0xb0 in position 37: invalid start byte,0.004,2025-12-15 14:44:39.094929,2025-10-21 15:22:02,Turtles,Survey,"., 0223945 ,  RS, 0475. RS, 0476. 20230723. E.imbricata",,,,,,,False,,
D:\NEOM_PROJECT\Marine_New_Data\Turtles Baseline Study\Turtle Conservation Effort\PTT-TrackingData - RAW Data (BackUp)\June2023-SUrvey\0223945\0223945 - RS-0475. RS-0476. 20230711. E.imbricata.csv,0223945 - RS-0475. RS-0476. 20230711. E.imbricata.csv,.csv,success,,0.018,2025-12-15 14:44:39.071062,2025-10-17 17:05:00,Turtles,Survey,"0223945 ,  RS, 0475. RS, 0476. 20230711. E.imbricata",240.0,26.0,"Tag_ID, UTC_Date, UTC_Time, Latitude, Longitude, LQ, HDOP, CNR, Sats, TimeOn(s), eRes, TempDeg, MinVolt, Curr(mA), DepthBin0, DepthBin1, DepthBin2, DepthBin3, DepthBin4, DepthBin5, DepthBin6, ErrorRadius, SemiMajor, SemiMinor, Orientation, Unnamed: 25","Tag_ID:object, UTC_Date:object, UTC_Time:object, Latitude:float64, Longitude:float64, LQ:object, HDOP:float64, CNR:float64, Sats:float64, TimeOn(s):float64, eRes:float64, TempDeg:float64, MinVolt:float64, Curr(mA):float64, DepthBin0:float64, DepthBin1:float64, DepthBin2:float64, DepthBin3:float64, DepthBin4:float64, DepthBin5:float64, DepthBin6:float64, ErrorRadius:float64, SemiMajor:float64, SemiMinor:float64, Orientation:float64, Unnamed: 25:float64",,,False,,
D:\NEOM_PROJECT\Marine_New_Data\Turtles Baseline Study\Turtle Conservation Effort\PTT-TrackingData - RAW Data (BackUp)\June2023-SUrvey\0223945\0223945 - RS-0475. RS-0476. 20230723. E.imbricata.csv,0223945 - RS-0475. RS-0476. 20230723. E.imbricata.csv,.csv,success,,0.015,2025-12-15 14:44:39.094929,2025-10-17 17:05:00,Turtles,Survey,"0223945 ,  RS, 0475. RS, 0476. 20230723. E.imbricata",206.0,16.0,"Tag_ID, UTC_Date, UTC_Time, Latitude, Longitude, LQ, HDOP, CNR, Sats, TimeOn(s), eRes, ErrorRadius, SemiMajor, SemiMinor, Orientation, Unnamed: 15","Tag_ID:object, UTC_Date:object, UTC_Time:object, Latitude:float64, Longitude:float64, LQ:object, HDOP:float64, CNR:float64, Sats:float64, TimeOn(s):float64, eRes:float64, ErrorRadius:float64, SemiMajor:float64, SemiMinor:float64, Orientation:float64, Unnamed: 15:float64",,,False,,
D:\NEOM_PROJECT\Marine_New_Data\Turtles Baseline Study\Turtle Conservation Effort\PTT-TrackingData - RAW Data (BackUp)\June2023-SUrvey\0223948\._0223948 - RS-0477. RS-0478. 20230724. E.imbricata.csv,._0223948 - RS-0477. RS-0478. 20230724. E.imbricata.csv,.csv,failed,'utf-8' codec can't decode byte 0xb0 in position 37: invalid start byte,0.004,2025-12-15 14:44:39.316634,2025-10-21 15:22:02,Turtles,Survey,"., 0223948 ,  RS, 0477. RS, 0478. 20230724. E.imbricata",,,,,,,False,,
D:\NEOM_PROJECT\Marine_New_Data\Turtles Baseline Study\Turtle Conservation Effort\PTT-TrackingData - RAW Data (BackUp)\June2023-SUrvey\0223948\0223948 - RS-0477. RS-0478. 20230724. E.imbricata.csv,0223948 - RS-0477. RS-0478. 20230724. E.imbricata.csv,.csv,success,,0.002,2025-12-15 14:44:39.302536,2025-10-17 17:05:00,Turtles,Survey,"0223948 ,  RS, 0477. RS, 0478. 20230724. E.imbricata",21.0,16.0,"Tag_ID, UTC_Date, UTC_Time, Latitude, Longitude, LQ, HDOP, CNR, Sats, TimeOn(s), eRes, ErrorRadius, SemiMajor, SemiMinor, Orientation, Unnamed: 15","Tag_ID:object, UTC_Date:object, UTC_Time:object, Latitude:float64, Longitude:float64, LQ:object, HDOP:float64, CNR:float64, Sats:float64, TimeOn(s):float64, eRes:float64, ErrorRadius:float64, SemiMajor:float64, SemiMinor:float64, Orientation:float64, Unnamed: 15:float64",,,False,,
D:\NEOM_PROJECT\Marine_New_Data\Turtles Baseline Study\Turtle Conservation Effort\PTT-TrackingData - RAW Data (BackUp)\June2023-SUrvey\0223949\._0223949 - RS-0479. RS-0480. 20230724. E.imbricata.csv,._0223949 - RS-0479. RS-0480. 20230724. E.imbricata.csv,.csv,failed,'utf-8' codec can't decode byte 0xb0 in position 37: invalid start byte,0.004,2025-12-15 14:44:39.282614,2025-10-21 15:22:02,Turtles,Survey,"., 0223949 ,  RS, 0479. RS, 0480. 20230724. E.imbricata",,,,,,,False,,
D:\NEOM_PROJECT\Marine_New_Data\Turtles Baseline Study\Turtle Conservation Effort\PTT-TrackingData - RAW Data (BackUp)\June2023-SUrvey\0223949\0223949 - RS-0479. RS-0480. 20230724. E.imbricata.csv,0223949 - RS-0479. RS-0480. 20230724. E.imbricata.csv,.csv,success,,0.012,2025-12-15 14:44:39.269116,2025-10-17 17:05:00,Turtles,Survey,"0223949 ,  RS, 0479. RS, 0480. 20230724. E.imbricata",164.0,16.0,"Tag_ID, UTC_Date, UTC_Time, Latitude, Longitude, LQ, HDOP, CNR, Sats, TimeOn(s), eRes, ErrorRadius, SemiMajor, SemiMinor, Orientation, Unnamed: 15","Tag_ID:object, UTC_Date:object, UTC_Time:object, Latitude:float64, Longitude:float64, LQ:object, HDOP:float64, CNR:float64, Sats:float64, TimeOn(s):float64, eRes:float64, ErrorRadius:float64, SemiMajor:float64, SemiMinor:float64, Orientation:float64, Unnamed: 15:float64",,,False,,
D:\NEOM_PROJECT\Marine_New_Data\Turtles Baseline Study\Turtle Conservation Effort\PTT-TrackingData - RAW Data (BackUp)\June2023-SUrvey\0223950\._0223950 - RS-0481. RS-0482. 20230724. E.imbricata.csv,._0223950 - RS-0481. RS-0482. 20230724. E.imbricata.csv,.csv,failed,'utf-8' codec can't decode byte 0xb0 in position 37: invalid start byte,0.004,2025-12-15 14:44:39.017445,2025-10-21 15:22:02,Turtles,Survey,"., 0223950 ,  RS, 0481. RS, 0482. 20230724. E.imbricata",,,,,,,False,,
D:\NEOM_PROJECT\Marine_New_Data\Turtles Baseline Study\Turtle Conservation Effort\PTT-TrackingData - RAW Data (BackUp)\June2023-SUrvey\0223950\0223950 - RS-0481. RS-0482. 20230724. E.imbricata.csv,0223950 - RS-0481. RS-0482. 20230724. E.imbricata.csv,.csv,success,,0.007,2025-12-15 14:44:38.992330,2025-10-17 17:05:00,Turtles,Survey,"0223950 ,  RS, 0481. RS, 0482. 20230724. E.imbricata",95.0,16.0,"Tag_ID, UTC_Date, UTC_Time, Latitude, Longitude, LQ, HDOP, CNR, Sats, TimeOn(s), eRes, ErrorRadius, SemiMajor, SemiMinor, Orientation, Unnamed: 15","Tag_ID:object, UTC_Date:object, UTC_Time:object, Latitude:float64, Longitude:float64, LQ:object, HDOP:float64, CNR:float64, Sats:float64, TimeOn(s):float64, eRes:float64, ErrorRadius:float64, SemiMajor:float64, SemiMinor:float64, Orientation:float64, Unnamed: 15:float64",,,False,,
D:\NEOM_PROJECT\Marine_New_Data\Turtles Baseline Study\Turtle Conservation Effort\PTT-TrackingData - RAW Data (BackUp)\June2023-SUrvey\0223951\._0223951 - RS-0483. RS-0484. 20230724. E.imbricata.csv,._0223951 - RS-0483. RS-0484. 20230724. E.imbricata.csv,.csv,failed,'utf-8' codec can't decode byte 0xb0 in position 37: invalid start byte,0.004,2025-12-15 14:44:38.969186,2025-10-21 15:22:02,Turtles,Survey,"., 0223951 ,  RS, 0483. RS, 0484. 20230724. E.imbricata",,,,,,,False,,
D:\NEOM_PROJECT\Marine_New_Data\Turtles Baseline Study\Turtle Conservation Effort\PTT-TrackingData - RAW Data (BackUp)\June2023-SUrvey\0223951\0223951 - RS-0483. RS-0484. 20230724. E.imbricata.csv,0223951 - RS-0483. RS-0484. 20230724. E.imbricata.csv,.csv,success,,0.003,2025-12-15 14:44:38.966794,2025-10-17 17:05:00,Turtles,Survey,"0223951 ,  RS, 0483. RS, 0484. 20230724. E.imbricata",42.0,16.0,"Tag_ID, UTC_Date, UTC_Time, Latitude, Longitude, LQ, HDOP, CNR, Sats, TimeOn(s), eRes, ErrorRadius, SemiMajor, SemiMinor, Orientation, Unnamed: 15","Tag_ID:object, UTC_Date:object, UTC_Time:object, Latitude:float64, Longitude:float64, LQ:object, HDOP:float64, CNR:float64, Sats:float64, TimeOn(s):float64, eRes:float64, ErrorRadius:float64, SemiMajor:float64, SemiMinor:float64, Orientation:float64, Unnamed: 15:float64",,,False,,
D:\NEOM_PROJECT\Marine_New_Data\Turtles Baseline Study\Turtle Conservation Effort\PTT-TrackingData - RAW Data (BackUp)\June2023-SUrvey\0223952\._0223952 - RS-0485. RS-0486. 20230724. E.imbricata.csv,._0223952 - RS-0485. RS-0486. 20230724. E.imbricata.csv,.csv,failed,'utf-8' codec can't decode byte 0xb0 in position 37: invalid start byte,0.004,2025-12-15 14:44:39.135557,2025-10-21 15:22:02,Turtles,Survey,"., 0223952 ,  RS, 0485. RS, 0486. 20230724. E.imbricata",,,,,,,False,,
D:\NEOM_PROJECT\Marine_New_Data\Turtles Baseline Study\Turtle Conservation Effort\PTT-TrackingData - RAW Data (BackUp)\June2023-SUrvey\0223952\0223952 - RS-0485. RS-0486. 20230724. E.imbricata.csv,0223952 - RS-0485. RS-0486. 20230724. E.imbricata.csv,.csv,success,,0.014,2025-12-15 14:44:39.126479,2025-10-17 17:05:00,Turtles,Survey,"0223952 ,  RS, 0485. RS, 0486. 20230724. E.imbricata",180.0,19.0,"Tag_ID, UTC_Date, UTC_Time, Latitude, Longitude, LQ, HDOP, CNR, Sats, TimeOn(s), eRes, TempDeg, MinVolt, Curr(mA), ErrorRadius, SemiMajor, SemiMinor, Orientation, Unnamed: 18","Tag_ID:object, UTC_Date:object, UTC_Time:object, Latitude:float64, Longitude:float64, LQ:object, HDOP:float64, CNR:float64, Sats:float64, TimeOn(s):float64, eRes:float64, TempDeg:float64, MinVolt:float64, Curr(mA):float64, ErrorRadius:float64, SemiMajor:float64, SemiMinor:float64, Orientation:float64, Unnamed: 18:float64",,,False,,
D:\NEOM_PROJECT\Marine_New_Data\Turtles Baseline Study\Turtle Conservation Effort\PTT-TrackingData - RAW Data (BackUp)\June2023-SUrvey\0223953\._0223953 - RS-0487. RS-0488. 20230724. E.imbricata.csv,._0223953 - RS-0487. RS-0488. 20230724. E.imbricata.csv,.csv,failed,'utf-8' codec can't decode byte 0xb0 in position 37: invalid start byte,0.004,2025-12-15 14:44:39.250632,2025-10-21 15:22:02,Turtles,Survey,"., 0223953 ,  RS, 0487. RS, 0488. 20230724. E.imbricata",,,,,,,False,,
D:\NEOM_PROJECT\Marine_New_Data\Turtles Baseline Study\Turtle Conservation Effort\PTT-TrackingData - RAW Data (BackUp)\June2023-SUrvey\0223953\0223953 - RS-0487. RS-0488. 20230724. E.imbricata.csv,0223953 - RS-0487. RS-0488. 20230724. E.imbricata.csv,.csv,success,,0.011,2025-12-15 14:44:39.229901,2025-10-17 17:05:00,Turtles,Survey,"0223953 ,  RS, 0487. RS, 0488. 20230724. E.imbricata",153.0,16.0,"Tag_ID, UTC_Date, UTC_Time, Latitude, Longitude, LQ, HDOP, CNR, Sats, TimeOn(s), eRes, ErrorRadius, SemiMajor, SemiMinor, Orientation, Unnamed: 15","Tag_ID:object, UTC_Date:object, UTC_Time:object, Latitude:float64, Longitude:float64, LQ:object, HDOP:float64, CNR:float64, Sats:float64, TimeOn(s):float64, eRes:float64, ErrorRadius:float64, SemiMajor:float64, SemiMinor:float64, Orientation:float64, Unnamed: 15:float64",,,False,,
D:\NEOM_PROJECT\Marine_New_Data\Turtles Baseline Study\Turtle Conservation Effort\PTT-TrackingData - RAW Data (BackUp)\June2023-SUrvey\0223954\._0223954 - RS-0489. RS-0490. 20230724. E.imbricata.csv,._0223954 - RS-0489. RS-0490. 20230724. E.imbricata.csv,.csv,failed,'utf-8' codec can't decode byte 0xb0 in position 37: invalid start byte,0.004,2025-12-15 14:44:39.211296,2025-10-21 15:22:02,Turtles,Survey,"., 0223954 ,  RS, 0489. RS, 0490. 20230724. E.imbricata",,,,,,,False,,
D:\NEOM_PROJECT\Marine_New_Data\Turtles Baseline Study\Turtle Conservation Effort\PTT-TrackingData - RAW Data (BackUp)\June2023-SUrvey\0223954\0223954 - RS-0489. RS-0490. 20230724. E.imbricata.csv,0223954 - RS-0489. RS-0490. 20230724. E.imbricata.csv,.csv,success,,0.002,2025-12-15 14:44:39.191658,2025-10-17 17:05:00,Turtles,Survey,"0223954 ,  RS, 0489. RS, 0490. 20230724. E.imbricata",31.0,16.0,"Tag_ID, UTC_Date, UTC_Time, Latitude, Longitude, LQ, HDOP, CNR, Sats, TimeOn(s), eRes, ErrorRadius, SemiMajor, SemiMinor, Orientation, Unnamed: 15","Tag_ID:object, UTC_Date:object, UTC_Time:object, Latitude:float64, Longitude:float64, LQ:object, HDOP:float64, CNR:float64, Sats:float64, TimeOn(s):float64, eRes:float64, ErrorRadius:float64, SemiMajor:float64, SemiMinor:float64, Orientation:float64, Unnamed: 15:float64",,,False,,
D:\NEOM_PROJECT\Marine_New_Data\Turtles Baseline Study\Turtle Conservation Effort\PTT-TrackingData - RAW Data (BackUp)\June2023-SUrvey\0223955\._0223955 - RS-0491. RS-0492. 20230724. E.imbricata.csv,._0223955 - RS-0491. RS-0492. 20230724. E.imbricata.csv,.csv,failed,'utf-8' codec can't decode byte 0xb0 in position 37: invalid start byte,0.004,2025-12-15 14:44:39.176344,2025-10-21 15:22:02,Turtles,Survey,"., 0223955 ,  RS, 0491. RS, 0492. 20230724. E.imbricata",,,,,,,False,,
D:\NEOM_PROJECT\Marine_New_Data\Turtles Baseline Study\Turtle Conservation Effort\PTT-TrackingData - RAW Data (BackUp)\June2023-SUrvey\0223955\0223955 - RS-0491. RS-0492. 20230724. E.imbricata.csv,0223955 - RS-0491. RS-0492. 20230724. E.imbricata.csv,.csv,success,,0.009,2025-12-15 14:44:39.157044,2025-10-17 17:05:00,Turtles,Survey,"0223955 ,  RS, 0491. RS, 0492. 20230724. E.imbricata",122.0,16.0,"Tag_ID, UTC_Date, UTC_Time, Latitude, Longitude, LQ, HDOP, CNR, Sats, TimeOn(s), eRes, ErrorRadius, SemiMajor, SemiMinor, Orientation, Unnamed: 15","Tag_ID:object, UTC_Date:object, UTC_Time:object, Latitude:float64, Longitude:float64, LQ:object, HDOP:float64, CNR:float64, Sats:float64, TimeOn(s):float64, eRes:float64, ErrorRadius:float64, SemiMajor:float64, SemiMinor:float64, Orientation:float64, Unnamed: 15:float64",,,False,,
D:\NEOM_PROJECT\Marine_New_Data\Turtles Baseline Study\Turtle Conservation Effort\Satellite Tracking Data All Turtles\._7143_NEOM_TaggedTurtles_DataCutOff_05.12.2023.csv,._7143_NEOM_TaggedTurtles_DataCutOff_05.12.2023.csv,.csv,failed,'utf-8' codec can't decode byte 0xb0 in position 37: invalid start byte,0.004,2025-12-15 14:44:29.682530,2025-10-21 15:20:54,Turtles,Study,"., 7143, NEOM, TaggedTurtles, DataCutOff, 05.12.2023",,,,,,,False,,
D:\NEOM_PROJECT\Marine_New_Data\Turtles Baseline Study\Turtle Conservation Effort\Satellite Tracking Data All Turtles\7143_NEOM_TaggedTurtles_DataCutOff_05.12.2023.csv,7143_NEOM_TaggedTurtles_DataCutOff_05.12.2023.csv,.csv,success,,0.489,2025-12-15 14:44:29.649854,2025-10-20 08:21:44,Turtles,Study,"7143, NEOM, TaggedTurtles, DataCutOff, 05.12.2023",4950.0,33.0,"UID, Tag_ID, PTT, UTC_Date, UTC_Time, Latitude, Longitude, LQ, HDOP, CNR, Sats, TimeOn(s), eRes, TempDeg, MinVolt, Curr(mA), Maxdepth, divelen, TADindex,  TimeElapsed, DepthBin0, DepthBin1, DepthBin2, DepthBin3, DepthBin4, DepthBin5, DepthBin6, Day Dive Ratio, Day Max Dive Depth, ErrorRadius, SemiMajor, SemiMinor, Orientation","UID:float64, Tag_ID:object, PTT:object, UTC_Date:object, UTC_Time:object, Latitude:float64, Longitude:float64, LQ:object, HDOP:float64, CNR:float64, Sats:float64, TimeOn(s):float64, eRes:float64, TempDeg:float64, MinVolt:float64, Curr(mA):float64, Maxdepth:float64, divelen:float64, TADindex:float64,  TimeElapsed:float64, DepthBin0:float64, DepthBin1:float64, DepthBin2:float64, DepthBin3:float64, DepthBin4:float64, DepthBin5:float64, DepthBin6:float64, Day Dive Ratio:float64, Day Max Dive Depth:float64, ErrorRadius:float64, SemiMajor:float64, SemiMinor:float64, Orientation:float64",,,False,,
